scenario,method,visible_releases,auc,auc_ci_low,auc_ci_high,gain_vs_alignment,gain_ci_low,gain_ci_high,gain_vs_endpoint,endpoint_gain_ci_low,endpoint_gain_ci_high,calibrated_tpr,achieved_fpr,nominal_calibration_fpr,mean_public_accuracy,mean_positive_appearances,calibration_identities,holdout_identities
full,gaussproof,128,0.7632812500000001,0.725215821409652,0.8013466785903482,-0.0010937499999998934,-0.008131602315085721,0.0059441023150859345,0.18765625000000008,0.14760134786512513,0.22771115213487503,0.375,0.1125,0.05,0.718310546875,64.6375,20,80
full,alignment,128,0.764375,0.7266660037560884,0.8020839962439117,0.0,0.0,0.0,0.18874999999999997,0.1487020127451214,0.22879798725487854,0.3375,0.1,0.05,0.718310546875,64.6375,20,80
full,endpoint_loss,128,0.575625,0.5625874080439385,0.5886625919560616,-0.18874999999999997,-0.22879798725487854,-0.1487020127451214,0.0,0.0,0.0,0.0875,0.05,0.05,0.718310546875,64.6375,20,80
every_4_releases,gaussproof,32,0.66578125,0.6324141034573595,0.6991483965426405,-0.003593750000000062,-0.012128849700848725,0.004941349700848601,0.09015624999999994,0.05310414701625583,0.12720835298374406,0.35,0.2125,0.05,0.718310546875,64.6375,20,80
every_4_releases,alignment,32,0.669375,0.6348830095409994,0.7038669904590007,0.0,0.0,0.0,0.09375,0.05590881827206712,0.13159118172793288,0.3375,0.2,0.05,0.718310546875,64.6375,20,80
every_4_releases,endpoint_loss,32,0.575625,0.5631324551130447,0.5881175448869554,-0.09375,-0.13159118172793288,-0.05590881827206712,0.0,0.0,0.0,0.0875,0.05,0.05,0.718310546875,64.6375,20,80
every_16_releases,gaussproof,8,0.58203125,0.5597857476353975,0.6042767523646025,0.002343749999999978,-0.005256184643529655,0.00994368464352961,0.006406249999999947,-0.02184868435859621,0.0346611843585961,0.0375,0.0375,0.05,0.718310546875,64.6375,20,80
every_16_releases,alignment,8,0.5796875,0.5557538720973622,0.6036211279026379,0.0,0.0,0.0,0.004062499999999969,-0.026083659133137403,0.03420865913313734,0.05,0.0375,0.05,0.718310546875,64.6375,20,80
every_16_releases,endpoint_loss,8,0.575625,0.5623957239793733,0.5888542760206268,-0.004062499999999969,-0.03420865913313734,0.026083659133137403,0.0,0.0,0.0,0.0875,0.05,0.05,0.718310546875,64.6375,20,80
stale_4_rounds,gaussproof,128,0.7637499999999999,0.7281125235120852,0.7993874764879146,0.0,-0.006739861632236727,0.006739861632236727,0.18812499999999988,0.15100020050461493,0.22524979949538482,0.3375,0.1125,0.05,0.718310546875,64.6375,20,80
stale_4_rounds,alignment,128,0.7637499999999999,0.7275302208820583,0.7999697791179415,0.0,0.0,0.0,0.18812499999999988,0.1502649816794689,0.22598501832053086,0.3,0.1,0.05,0.718310546875,64.6375,20,80
stale_4_rounds,endpoint_loss,128,0.575625,0.5627650131370519,0.5884849868629483,-0.18812499999999988,-0.22598501832053086,-0.1502649816794689,0.0,0.0,0.0,0.0875,0.05,0.05,0.718310546875,64.6375,20,80
stale_16_rounds,gaussproof,128,0.76375,0.7268108154532988,0.8006891845467012,-0.0029687499999999645,-0.010092467308430927,0.004154967308430998,0.188125,0.14983473719460552,0.22641526280539445,0.3875,0.1125,0.05,0.718310546875,64.6375,20,80
stale_16_rounds,alignment,128,0.76671875,0.72940895824346,0.80402854175654,0.0,0.0,0.0,0.19109374999999995,0.15226411176859606,0.22992338823140385,0.3625,0.1125,0.05,0.718310546875,64.6375,20,80
stale_16_rounds,endpoint_loss,128,0.575625,0.5626553261756146,0.5885946738243855,-0.19109374999999995,-0.22992338823140385,-0.15226411176859606,0.0,0.0,0.0,0.0875,0.05,0.05,0.718310546875,64.6375,20,80
assume_sigma_3,gaussproof,128,0.7596875,0.725297998554415,0.7940770014455849,-0.004687500000000067,-0.014678725559116132,0.005303725559115999,0.1840624999999999,0.14778719783480063,0.2203378021651992,0.275,0.075,0.05,0.718310546875,64.6375,20,80
assume_sigma_3,alignment,128,0.764375,0.728030494351619,0.800719505648381,0.0,0.0,0.0,0.18874999999999997,0.15068954807931859,0.22681045192068136,0.3375,0.1,0.05,0.718310546875,64.6375,20,80
assume_sigma_3,endpoint_loss,128,0.575625,0.5627741763604455,0.5884758236395546,-0.18874999999999997,-0.22681045192068136,-0.15068954807931859,0.0,0.0,0.0,0.0875,0.05,0.05,0.718310546875,64.6375,20,80
assume_sigma_5,gaussproof,128,0.7646875,0.7267408060954559,0.802634193904544,0.00031249999999993783,-0.006398065548465686,0.007023065548465561,0.1890624999999999,0.1488625207696555,0.22926247923034432,0.3125,0.1125,0.05,0.718310546875,64.6375,20,80
assume_sigma_5,alignment,128,0.764375,0.7269183577720677,0.8018316422279324,0.0,0.0,0.0,0.18874999999999997,0.14872955039582206,0.2287704496041779,0.3375,0.1,0.05,0.718310546875,64.6375,20,80
assume_sigma_5,endpoint_loss,128,0.575625,0.5625924789542254,0.5886575210457747,-0.18874999999999997,-0.2287704496041779,-0.14872955039582206,0.0,0.0,0.0,0.0875,0.05,0.05,0.718310546875,64.6375,20,80
