distribution,sigma,method,auc,auc_low,auc_high,advantage,tpr_at_calibrated_1pct_fpr,achieved_1pct_fpr,tpr_at_calibrated_5pct_fpr,achieved_5pct_fpr,mean_accuracy_present,mean_accuracy_absent,calibration_clients,holdout_clients,population_records,reference_models,mean_client_class_purity,rounds,participation_round,conservative_one_pass_epsilon_upper,delta
natural_writer,0.25,rero_max,0.5055379746835443,0.4995190727710996,0.5173302508958952,0.025000000000000022,nan,nan,0.05,0.05,0.52547607421875,0.5250732421875,40,80,1024,32,0.21927083333333333,64,33,106.78282489339611,1e-05
natural_writer,0.25,rero_mean,0.5056962025316456,0.502886304041052,0.5098039107496664,0.04999999999999999,nan,nan,0.1625,0.1625,0.52547607421875,0.5250732421875,40,80,1024,32,0.21927083333333333,64,33,106.78282489339611,1e-05
natural_writer,0.25,gaussproof_max,0.5117088607594936,0.5,0.5285740969191272,0.025000000000000022,nan,nan,0.0,0.0,0.52547607421875,0.5250732421875,40,80,1024,32,0.21927083333333333,64,33,106.78282489339611,1e-05
natural_writer,0.25,gaussproof_mean,0.5068037974683545,0.5038302257119847,0.5114118439271074,0.03750000000000009,nan,nan,0.175,0.1625,0.52547607421875,0.5250732421875,40,80,1024,32,0.21927083333333333,64,33,106.78282489339611,1e-05
natural_writer,0.25,public_gls_max,0.5066455696202532,0.5035130322433028,0.5113749243561756,0.050000000000000044,nan,nan,0.125,0.1,0.52547607421875,0.5250732421875,40,80,1024,32,0.21927083333333333,64,33,106.78282489339611,1e-05
natural_writer,0.25,endpoint_loss,0.502373417721519,0.5004804458729517,0.5046584081849643,0.03749999999999998,nan,nan,0.1125,0.1125,0.52547607421875,0.5250732421875,40,80,1024,32,0.21927083333333333,64,33,106.78282489339611,1e-05
natural_writer,0.25,informed_llr,0.9757911392405063,0.9555819987979745,0.992941987935555,0.85,nan,nan,0.775,0.0125,0.52547607421875,0.5250732421875,40,80,1024,32,0.21927083333333333,64,33,106.78282489339611,1e-05
natural_writer,0.25,lira_offline_fixed,0.49984177215189873,0.497279934657271,0.5027217419148254,0.025000000000000022,nan,nan,0.1,0.1,0.52547607421875,0.5250732421875,40,80,1024,32,0.21927083333333333,64,33,106.78282489339611,1e-05
natural_writer,0.25,rmia_offline_a1_g2,0.5,0.5,0.5,0.0,nan,nan,0.0,0.0,0.52547607421875,0.5250732421875,40,80,1024,32,0.21927083333333333,64,33,106.78282489339611,1e-05
natural_writer,0.25,rmia_offline_a05_g1,0.49984177215189873,0.4977563742783836,0.5022400358629523,0.025000000000000022,nan,nan,0.1125,0.1125,0.52547607421875,0.5250732421875,40,80,1024,32,0.21927083333333333,64,33,106.78282489339611,1e-05
natural_writer,0.25,pierre_lira_cdf,0.5088607594936709,0.5049790798464434,0.5131112011063629,0.04999999999999999,nan,nan,0.075,0.075,0.52547607421875,0.5250732421875,40,80,1024,32,0.21927083333333333,64,33,106.78282489339611,1e-05
natural_writer,0.25,pierre_rmia_a05_g1,0.5,0.5,0.5,0.0,nan,nan,0.0,0.0,0.52547607421875,0.5250732421875,40,80,1024,32,0.21927083333333333,64,33,106.78282489339611,1e-05
natural_writer,0.25,lira_calibrated,0.5077531645569621,0.5038473253459201,0.5125117149976001,0.0625,nan,nan,0.1,0.1125,0.52547607421875,0.5250732421875,40,80,1024,32,0.21927083333333333,64,33,106.78282489339611,1e-05
natural_writer,0.25,rmia_calibrated,0.5064873417721519,0.5032904301894474,0.5111470592426683,0.03750000000000009,nan,nan,0.1375,0.1375,0.52547607421875,0.5250732421875,40,80,1024,32,0.21927083333333333,64,33,106.78282489339611,1e-05
natural_writer,0.25,endpoint_best_calibrated,0.5064873417721519,0.5032904301894474,0.5111470592426683,0.03750000000000009,nan,nan,0.1375,0.1375,0.52547607421875,0.5250732421875,40,80,1024,32,0.21927083333333333,64,33,106.78282489339611,1e-05
natural_writer,0.25,hybrid_equal_lira,0.5091772151898735,0.5054380790813265,0.5145739910313901,0.050000000000000044,nan,nan,0.0875,0.0875,0.52547607421875,0.5250732421875,40,80,1024,32,0.21927083333333333,64,33,106.78282489339611,1e-05
natural_writer,0.25,hybrid_calibrated_lira,0.5077531645569621,0.5038473253459201,0.5125117149976001,0.0625,nan,nan,0.1,0.1125,0.52547607421875,0.5250732421875,40,80,1024,32,0.21927083333333333,64,33,106.78282489339611,1e-05
natural_writer,0.25,hybrid_equal_rmia,0.5090189873417722,0.5052667108017922,0.5142219097662409,0.04999999999999999,nan,nan,0.15,0.15,0.52547607421875,0.5250732421875,40,80,1024,32,0.21927083333333333,64,33,106.78282489339611,1e-05
natural_writer,0.25,hybrid_calibrated_rmia,0.5074367088607595,0.5036961465766635,0.5133019720789882,0.05000000000000002,nan,nan,0.1375,0.1375,0.52547607421875,0.5250732421875,40,80,1024,32,0.21927083333333333,64,33,106.78282489339611,1e-05
natural_writer,4.0,rero_max,0.49984177215189873,0.49855013496143963,0.5009728272262306,0.012500000000000067,nan,nan,0.0125,0.0125,0.235546875,0.23519287109375,40,80,1024,32,0.21927083333333333,64,33,3.392676555837257,1e-05
natural_writer,4.0,rero_mean,0.5066455696202532,0.5033584063669043,0.5107578151429867,0.050000000000000044,nan,nan,0.125,0.125,0.235546875,0.23519287109375,40,80,1024,32,0.21927083333333333,64,33,3.392676555837257,1e-05
natural_writer,4.0,gaussproof_max,0.5,0.5,0.5,0.0,nan,nan,0.0,0.0,0.235546875,0.23519287109375,40,80,1024,32,0.21927083333333333,64,33,3.392676555837257,1e-05
natural_writer,4.0,gaussproof_mean,0.5030063291139241,0.499038122376343,0.5093137281920889,0.03749999999999998,nan,nan,0.1,0.1,0.235546875,0.23519287109375,40,80,1024,32,0.21927083333333333,64,33,3.392676555837257,1e-05
natural_writer,4.0,public_gls_max,0.5079113924050633,0.5043218662865002,0.5129903501551137,0.0625,nan,nan,0.05,0.0375,0.235546875,0.23519287109375,40,80,1024,32,0.21927083333333333,64,33,3.392676555837257,1e-05
natural_writer,4.0,endpoint_loss,0.5006329113924051,0.4990368716722073,0.502565048246311,0.025000000000000022,nan,nan,0.0375,0.0375,0.235546875,0.23519287109375,40,80,1024,32,0.21927083333333333,64,33,3.392676555837257,1e-05
natural_writer,4.0,informed_llr,0.5653481012658228,0.5531260032102728,0.5825103054494526,0.17499999999999993,nan,nan,0.1125,0.0625,0.235546875,0.23519287109375,40,80,1024,32,0.21927083333333333,64,33,3.392676555837257,1e-05
natural_writer,4.0,lira_offline_fixed,0.5011075949367089,0.5,0.5032062072493271,0.025000000000000022,nan,nan,0.1125,0.1125,0.235546875,0.23519287109375,40,80,1024,32,0.21927083333333333,64,33,3.392676555837257,1e-05
natural_writer,4.0,rmia_offline_a1_g2,0.5012658227848101,0.49991994748474977,0.5032070525136086,0.025000000000000022,nan,nan,0.05,0.05,0.235546875,0.23519287109375,40,80,1024,32,0.21927083333333333,64,33,3.392676555837257,1e-05
natural_writer,4.0,rmia_offline_a05_g1,0.5015822784810127,0.5003199872204472,0.5032123611738485,0.025000000000000022,nan,nan,0.0875,0.0875,0.235546875,0.23519287109375,40,80,1024,32,0.21927083333333333,64,33,3.392676555837257,1e-05
natural_writer,4.0,pierre_lira_cdf,0.5003164556962025,0.4995184474637606,0.5016046341875516,0.025000000000000022,nan,nan,0.1625,0.1625,0.235546875,0.23519287109375,40,80,1024,32,0.21927083333333333,64,33,3.392676555837257,1e-05
natural_writer,4.0,pierre_rmia_a05_g1,0.5010284810126582,0.4993585270994169,0.502888341537593,0.025000000000000022,nan,nan,0.1,0.1,0.235546875,0.23519287109375,40,80,1024,32,0.21927083333333333,64,33,3.392676555837257,1e-05
natural_writer,4.0,lira_calibrated,0.5007911392405063,0.49903932352981994,0.502880092278116,0.025000000000000022,nan,nan,0.1625,0.1625,0.235546875,0.23519287109375,40,80,1024,32,0.21927083333333333,64,33,3.392676555837257,1e-05
natural_writer,4.0,rmia_calibrated,0.5003164556962025,0.49903997693786034,0.5017623122241962,0.024999999999999994,nan,nan,0.0625,0.0625,0.235546875,0.23519287109375,40,80,1024,32,0.21927083333333333,64,33,3.392676555837257,1e-05
natural_writer,4.0,endpoint_best_calibrated,0.5003164556962025,0.49903997693786034,0.5017623122241962,0.024999999999999994,nan,nan,0.0625,0.0625,0.235546875,0.23519287109375,40,80,1024,32,0.21927083333333333,64,33,3.392676555837257,1e-05
natural_writer,4.0,hybrid_equal_lira,0.5012658227848101,0.4982314880037733,0.5045103261974553,0.03749999999999998,nan,nan,0.0625,0.0625,0.235546875,0.23519287109375,40,80,1024,32,0.21927083333333333,64,33,3.392676555837257,1e-05
natural_writer,4.0,hybrid_calibrated_lira,0.5030063291139241,0.499038122376343,0.5093137281920889,0.03749999999999998,nan,nan,0.1,0.1,0.235546875,0.23519287109375,40,80,1024,32,0.21927083333333333,64,33,3.392676555837257,1e-05
natural_writer,4.0,hybrid_equal_rmia,0.5022151898734177,0.499839483778222,0.5048125128349139,0.03749999999999998,nan,nan,0.1125,0.125,0.235546875,0.23519287109375,40,80,1024,32,0.21927083333333333,64,33,3.392676555837257,1e-05
natural_writer,4.0,hybrid_calibrated_rmia,0.5030063291139241,0.499038122376343,0.5093137281920889,0.03749999999999998,nan,nan,0.1,0.1,0.235546875,0.23519287109375,40,80,1024,32,0.21927083333333333,64,33,3.392676555837257,1e-05
iid_mixed,0.25,rero_max,0.5044303797468355,0.4995184474637606,0.5149217907824603,0.025000000000000022,nan,nan,0.075,0.075,0.52833251953125,0.52818603515625,40,80,1024,32,0.23489583333333333,64,33,106.78282489339611,1e-05
iid_mixed,0.25,rero_mean,0.5120253164556962,0.5078645393258427,0.5176558417684882,0.07499999999999996,nan,nan,0.025,0.025,0.52833251953125,0.52818603515625,40,80,1024,32,0.23489583333333333,64,33,106.78282489339611,1e-05
iid_mixed,0.25,gaussproof_max,0.5,0.5,0.5,0.0,nan,nan,0.0,0.0,0.52833251953125,0.52818603515625,40,80,1024,32,0.23489583333333333,64,33,106.78282489339611,1e-05
iid_mixed,0.25,gaussproof_mean,0.5132911392405063,0.508528443694519,0.5189048752587159,0.0625,nan,nan,0.05,0.025,0.52833251953125,0.52818603515625,40,80,1024,32,0.23489583333333333,64,33,106.78282489339611,1e-05
iid_mixed,0.25,public_gls_max,0.513132911392405,0.5080057462366147,0.5192323151125402,0.08750000000000002,nan,nan,0.05,0.0375,0.52833251953125,0.52818603515625,40,80,1024,32,0.23489583333333333,64,33,106.78282489339611,1e-05
iid_mixed,0.25,endpoint_loss,0.5015822784810127,0.4995199769156781,0.504006506657042,0.03749999999999998,nan,nan,0.0375,0.0375,0.52833251953125,0.52818603515625,40,80,1024,32,0.23489583333333333,64,33,106.78282489339611,1e-05
iid_mixed,0.25,informed_llr,0.972626582278481,0.9535251226968978,0.9883122251790474,0.825,nan,nan,0.8125,0.0125,0.52833251953125,0.52818603515625,40,80,1024,32,0.23489583333333333,64,33,106.78282489339611,1e-05
iid_mixed,0.25,lira_offline_fixed,0.5042721518987342,0.5003204049951149,0.5092803717948717,0.03750000000000009,nan,nan,0.1125,0.1125,0.52833251953125,0.52818603515625,40,80,1024,32,0.23489583333333333,64,33,106.78282489339611,1e-05
iid_mixed,0.25,rmia_offline_a1_g2,0.5,0.5,0.5,0.0125,nan,nan,0.025,0.025,0.52833251953125,0.52818603515625,40,80,1024,32,0.23489583333333333,64,33,106.78282489339611,1e-05
iid_mixed,0.25,rmia_offline_a05_g1,0.49873417721518987,0.49583933421985016,0.500320110125083,0.024999999999999994,nan,nan,0.0375,0.0375,0.52833251953125,0.52818603515625,40,80,1024,32,0.23489583333333333,64,33,106.78282489339611,1e-05
iid_mixed,0.25,pierre_lira_cdf,0.5041139240506329,0.5009614769820971,0.5072092855778473,0.03750000000000003,nan,nan,0.0875,0.075,0.52833251953125,0.52818603515625,40,80,1024,32,0.23489583333333333,64,33,106.78282489339611,1e-05
iid_mixed,0.25,pierre_rmia_a05_g1,0.5,0.5,0.5,0.0125,nan,nan,0.025,0.025,0.52833251953125,0.52818603515625,40,80,1024,32,0.23489583333333333,64,33,106.78282489339611,1e-05
iid_mixed,0.25,lira_calibrated,0.5060126582278481,0.502398338302206,0.5108743514690444,0.050000000000000044,nan,nan,0.125,0.125,0.52833251953125,0.52818603515625,40,80,1024,32,0.23489583333333333,64,33,106.78282489339611,1e-05
iid_mixed,0.25,rmia_calibrated,0.5026107594936708,0.4951886980830671,0.5097471140056078,0.050000000000000044,nan,nan,0.0375,0.0375,0.52833251953125,0.52818603515625,40,80,1024,32,0.23489583333333333,64,33,106.78282489339611,1e-05
iid_mixed,0.25,endpoint_best_calibrated,0.5026107594936708,0.4951886980830671,0.5097471140056078,0.050000000000000044,nan,nan,0.0375,0.0375,0.52833251953125,0.52818603515625,40,80,1024,32,0.23489583333333333,64,33,106.78282489339611,1e-05
iid_mixed,0.25,hybrid_equal_lira,0.5125,0.5081931699593919,0.518132803450802,0.0625,nan,nan,0.075,0.0625,0.52833251953125,0.52818603515625,40,80,1024,32,0.23489583333333333,64,33,106.78282489339611,1e-05
iid_mixed,0.25,hybrid_calibrated_lira,0.5125,0.5081931699593919,0.518132803450802,0.0625,nan,nan,0.075,0.0625,0.52833251953125,0.52818603515625,40,80,1024,32,0.23489583333333333,64,33,106.78282489339611,1e-05
iid_mixed,0.25,hybrid_equal_rmia,0.5151898734177215,0.5075534172438257,0.5229554305062187,0.08749999999999997,nan,nan,0.05,0.05,0.52833251953125,0.52818603515625,40,80,1024,32,0.23489583333333333,64,33,106.78282489339611,1e-05
iid_mixed,0.25,hybrid_calibrated_rmia,0.5132911392405063,0.5086672508979407,0.5187535522734551,0.050000000000000044,nan,nan,0.075,0.075,0.52833251953125,0.52818603515625,40,80,1024,32,0.23489583333333333,64,33,106.78282489339611,1e-05
iid_mixed,4.0,rero_max,0.5,0.49856042608152135,0.5014512126785238,0.012500000000000067,nan,nan,0.025,0.025,0.23310546875,0.232568359375,40,80,1024,32,0.23489583333333333,64,33,3.392676555837257,1e-05
iid_mixed,4.0,rero_mean,0.5075949367088608,0.5041691724397007,0.5131657016981196,0.050000000000000044,nan,nan,0.0375,0.0375,0.23310546875,0.232568359375,40,80,1024,32,0.23489583333333333,64,33,3.392676555837257,1e-05
iid_mixed,4.0,gaussproof_max,0.5,0.5,0.5,0.0,nan,nan,0.0,0.0,0.23310546875,0.232568359375,40,80,1024,32,0.23489583333333333,64,33,3.392676555837257,1e-05
iid_mixed,4.0,gaussproof_mean,0.5052215189873418,0.500320302368635,0.5118702048899593,0.050000000000000044,nan,nan,0.025,0.025,0.23310546875,0.232568359375,40,80,1024,32,0.23489583333333333,64,33,3.392676555837257,1e-05
iid_mixed,4.0,public_gls_max,0.510759493670886,0.5068989675508593,0.5152676368020763,0.050000000000000044,nan,nan,0.05,0.0375,0.23310546875,0.232568359375,40,80,1024,32,0.23489583333333333,64,33,3.392676555837257,1e-05
iid_mixed,4.0,endpoint_loss,0.5011075949367089,0.4995140449871465,0.5039976016886668,0.050000000000000044,nan,nan,0.025,0.025,0.23310546875,0.232568359375,40,80,1024,32,0.23489583333333333,64,33,3.392676555837257,1e-05
iid_mixed,4.0,informed_llr,0.5628164556962025,0.5502476734770214,0.5783331759670159,0.16249999999999998,nan,nan,0.125,0.0625,0.23310546875,0.232568359375,40,80,1024,32,0.23489583333333333,64,33,3.392676555837257,1e-05
iid_mixed,4.0,lira_offline_fixed,0.5006329113924051,0.4988792737666008,0.5025698889390787,0.025000000000000022,nan,nan,0.0625,0.0625,0.23310546875,0.232568359375,40,80,1024,32,0.23489583333333333,64,33,3.392676555837257,1e-05
iid_mixed,4.0,rmia_offline_a1_g2,0.49960443037974683,0.4978338769296389,0.5009618544578008,0.025000000000000022,nan,nan,0.0875,0.0875,0.23310546875,0.232568359375,40,80,1024,32,0.23489583333333333,64,33,3.392676555837257,1e-05
iid_mixed,4.0,rmia_offline_a05_g1,0.5004746835443038,0.4991981846720281,0.5019263149454779,0.025000000000000022,nan,nan,0.0375,0.0375,0.23310546875,0.232568359375,40,80,1024,32,0.23489583333333333,64,33,3.392676555837257,1e-05
iid_mixed,4.0,pierre_lira_cdf,0.5004746835443038,0.5,0.5016015888402321,0.025000000000000022,nan,nan,0.1375,0.1375,0.23310546875,0.232568359375,40,80,1024,32,0.23489583333333333,64,33,3.392676555837257,1e-05
iid_mixed,4.0,pierre_rmia_a05_g1,0.4992879746835443,0.4974252892030848,0.5006404149905138,0.012500000000000067,nan,nan,0.1125,0.125,0.23310546875,0.232568359375,40,80,1024,32,0.23489583333333333,64,33,3.392676555837257,1e-05
iid_mixed,4.0,lira_calibrated,0.5006329113924051,0.498074438974938,0.5028966851224513,0.03749999999999998,nan,nan,0.0625,0.0625,0.23310546875,0.232568359375,40,80,1024,32,0.23489583333333333,64,33,3.392676555837257,1e-05
iid_mixed,4.0,rmia_calibrated,0.5010284810126582,0.49943625230937333,0.5030448962007054,0.025000000000000022,nan,nan,0.0,0.0,0.23310546875,0.232568359375,40,80,1024,32,0.23489583333333333,64,33,3.392676555837257,1e-05
iid_mixed,4.0,endpoint_best_calibrated,0.5010284810126582,0.49943625230937333,0.5030448962007054,0.025000000000000022,nan,nan,0.0,0.0,0.23310546875,0.232568359375,40,80,1024,32,0.23489583333333333,64,33,3.392676555837257,1e-05
iid_mixed,4.0,hybrid_equal_lira,0.5031645569620253,0.49983992947862327,0.5080001921844971,0.03749999999999998,nan,nan,0.0625,0.0625,0.23310546875,0.232568359375,40,80,1024,32,0.23489583333333333,64,33,3.392676555837257,1e-05
iid_mixed,4.0,hybrid_calibrated_lira,0.5031645569620253,0.49983992947862327,0.5080001921844971,0.03749999999999998,nan,nan,0.0625,0.0625,0.23310546875,0.232568359375,40,80,1024,32,0.23489583333333333,64,33,3.392676555837257,1e-05
iid_mixed,4.0,hybrid_equal_rmia,0.5036392405063291,0.5004807538412291,0.5078301654879834,0.03750000000000003,nan,nan,0.0625,0.05,0.23310546875,0.232568359375,40,80,1024,32,0.23489583333333333,64,33,3.392676555837257,1e-05
iid_mixed,4.0,hybrid_calibrated_rmia,0.5010284810126582,0.49943625230937333,0.5030448962007054,0.025000000000000022,nan,nan,0.0,0.0,0.23310546875,0.232568359375,40,80,1024,32,0.23489583333333333,64,33,3.392676555837257,1e-05
label_sorted,0.25,rero_max,0.5106012658227848,0.5028713897377333,0.5216210772683552,0.03750000000000009,nan,nan,0.1625,0.1625,0.33863525390625,0.33695068359375,40,80,1024,32,0.9875,64,33,106.78282489339611,1e-05
label_sorted,0.25,rero_mean,0.535126582278481,0.5281429942418426,0.5446933342690171,0.09999999999999998,nan,nan,0.2375,0.1875,0.33863525390625,0.33695068359375,40,80,1024,32,0.9875,64,33,106.78282489339611,1e-05
label_sorted,0.25,gaussproof_max,0.5,0.5,0.5,0.0,nan,nan,0.0,0.0,0.33863525390625,0.33695068359375,40,80,1024,32,0.9875,64,33,106.78282489339611,1e-05
label_sorted,0.25,gaussproof_mean,0.5235759493670886,0.5153918516095587,0.533013236024887,0.09999999999999998,nan,nan,0.0875,0.05,0.33863525390625,0.33695068359375,40,80,1024,32,0.9875,64,33,106.78282489339611,1e-05
label_sorted,0.25,public_gls_max,0.5204113924050633,0.5140905879422966,0.5298191004990451,0.07500000000000007,nan,nan,0.0875,0.0875,0.33863525390625,0.33695068359375,40,80,1024,32,0.9875,64,33,106.78282489339611,1e-05
label_sorted,0.25,endpoint_loss,0.4879746835443038,0.48328339220577754,0.4915127356595897,0.012500000000000011,nan,nan,0.025,0.025,0.33863525390625,0.33695068359375,40,80,1024,32,0.9875,64,33,106.78282489339611,1e-05
label_sorted,0.25,informed_llr,1.0,1.0,1.0,1.0,nan,nan,1.0,0.125,0.33863525390625,0.33695068359375,40,80,1024,32,0.9875,64,33,106.78282489339611,1e-05
label_sorted,0.25,lira_offline_fixed,0.504746835443038,0.4934357046769093,0.517451728259661,0.07500000000000007,nan,nan,0.225,0.2,0.33863525390625,0.33695068359375,40,80,1024,32,0.9875,64,33,106.78282489339611,1e-05
label_sorted,0.25,rmia_offline_a1_g2,0.4848892405063291,0.4750611359145317,0.49309807934460187,0.012500000000000004,nan,nan,0.1,0.1125,0.33863525390625,0.33695068359375,40,80,1024,32,0.9875,64,33,106.78282489339611,1e-05
label_sorted,0.25,rmia_offline_a05_g1,0.4868670886075949,0.4806043405006419,0.4916613881976037,0.012500000000000067,nan,nan,0.075,0.0875,0.33863525390625,0.33695068359375,40,80,1024,32,0.9875,64,33,106.78282489339611,1e-05
label_sorted,0.25,pierre_lira_cdf,0.4859177215189873,0.47887239274054066,0.4915260441434094,0.012500000000000004,nan,nan,0.1,0.1,0.33863525390625,0.33695068359375,40,80,1024,32,0.9875,64,33,106.78282489339611,1e-05
label_sorted,0.25,pierre_rmia_a05_g1,0.4867879746835443,0.47574700961538463,0.49615140993735557,0.012500000000000011,nan,nan,0.05,0.05,0.33863525390625,0.33695068359375,40,80,1024,32,0.9875,64,33,106.78282489339611,1e-05
label_sorted,0.25,lira_calibrated,0.5134493670886076,0.5091232918006431,0.5190348242408583,0.0625,nan,nan,0.2375,0.225,0.33863525390625,0.33695068359375,40,80,1024,32,0.9875,64,33,106.78282489339611,1e-05
label_sorted,0.25,rmia_calibrated,0.5149525316455696,0.5068792293727229,0.5261307064650501,0.07499999999999996,nan,nan,0.0,0.0,0.33863525390625,0.33695068359375,40,80,1024,32,0.9875,64,33,106.78282489339611,1e-05
label_sorted,0.25,endpoint_best_calibrated,0.5149525316455696,0.5068792293727229,0.5261307064650501,0.07499999999999996,nan,nan,0.0,0.0,0.33863525390625,0.33695068359375,40,80,1024,32,0.9875,64,33,106.78282489339611,1e-05
label_sorted,0.25,hybrid_equal_lira,0.5170886075949367,0.5118853547816169,0.52472743646324,0.07500000000000007,nan,nan,0.25,0.25,0.33863525390625,0.33695068359375,40,80,1024,32,0.9875,64,33,106.78282489339611,1e-05
label_sorted,0.25,hybrid_calibrated_lira,0.5134493670886076,0.5091232918006431,0.5190348242408583,0.0625,nan,nan,0.2375,0.225,0.33863525390625,0.33695068359375,40,80,1024,32,0.9875,64,33,106.78282489339611,1e-05
label_sorted,0.25,hybrid_equal_rmia,0.5200949367088608,0.5134611075544173,0.5282506280856609,0.08749999999999991,nan,nan,0.0875,0.05,0.33863525390625,0.33695068359375,40,80,1024,32,0.9875,64,33,106.78282489339611,1e-05
label_sorted,0.25,hybrid_calibrated_rmia,0.5149525316455696,0.5068792293727229,0.5261307064650501,0.07499999999999996,nan,nan,0.0,0.0,0.33863525390625,0.33695068359375,40,80,1024,32,0.9875,64,33,106.78282489339611,1e-05
label_sorted,4.0,rero_max,0.5006329113924051,0.5,0.5019237243495962,0.012500000000000067,nan,nan,0.15,0.15,0.1985595703125,0.19798583984375,40,80,1024,32,0.9875,64,33,3.392676555837257,1e-05
label_sorted,4.0,rero_mean,0.5246835443037975,0.5184411704311168,0.5322449948332669,0.09999999999999998,nan,nan,0.0625,0.0625,0.1985595703125,0.19798583984375,40,80,1024,32,0.9875,64,33,3.392676555837257,1e-05
label_sorted,4.0,gaussproof_max,0.5,0.5,0.5,0.0,nan,nan,0.0,0.0,0.1985595703125,0.19798583984375,40,80,1024,32,0.9875,64,33,3.392676555837257,1e-05
label_sorted,4.0,gaussproof_mean,0.5143987341772152,0.5060859565542534,0.5245828552213038,0.050000000000000044,nan,nan,0.1875,0.175,0.1985595703125,0.19798583984375,40,80,1024,32,0.9875,64,33,3.392676555837257,1e-05
label_sorted,4.0,public_gls_max,0.5123417721518987,0.5057728850939667,0.5193491693067479,0.0625,nan,nan,0.1625,0.15,0.1985595703125,0.19798583984375,40,80,1024,32,0.9875,64,33,3.392676555837257,1e-05
label_sorted,4.0,endpoint_loss,0.4995253164556962,0.49389882811280095,0.5046817988293298,0.03749999999999998,nan,nan,0.1,0.1,0.1985595703125,0.19798583984375,40,80,1024,32,0.9875,64,33,3.392676555837257,1e-05
label_sorted,4.0,informed_llr,0.6343354430379747,0.6151840376220715,0.6573129065877725,0.25000000000000006,nan,nan,0.2875,0.15,0.1985595703125,0.19798583984375,40,80,1024,32,0.9875,64,33,3.392676555837257,1e-05
label_sorted,4.0,lira_offline_fixed,0.5006329113924051,0.4935759154004723,0.5075537118277822,0.050000000000000044,nan,nan,0.1875,0.2125,0.1985595703125,0.19798583984375,40,80,1024,32,0.9875,64,33,3.392676555837257,1e-05
label_sorted,4.0,rmia_offline_a1_g2,0.49825949367088607,0.49212052406209067,0.5038606478511867,0.04999999999999993,nan,nan,0.1,0.0875,0.1985595703125,0.19798583984375,40,80,1024,32,0.9875,64,33,3.392676555837257,1e-05
label_sorted,4.0,rmia_offline_a05_g1,0.49707278481012657,0.49197888679962787,0.5016074079728556,0.025000000000000022,nan,nan,0.1,0.1,0.1985595703125,0.19798583984375,40,80,1024,32,0.9875,64,33,3.392676555837257,1e-05
label_sorted,4.0,pierre_lira_cdf,0.4957278481012658,0.49102553086132067,0.5006408356641336,0.025000000000000022,nan,nan,0.0125,0.0125,0.1985595703125,0.19798583984375,40,80,1024,32,0.9875,64,33,3.392676555837257,1e-05
label_sorted,4.0,pierre_rmia_a05_g1,0.49588607594936707,0.4903928475812228,0.5011292771243068,0.03750000000000003,nan,nan,0.1375,0.125,0.1985595703125,0.19798583984375,40,80,1024,32,0.9875,64,33,3.392676555837257,1e-05
label_sorted,4.0,lira_calibrated,0.5015822784810127,0.49566764595978097,0.5081757628913068,0.050000000000000044,nan,nan,0.175,0.175,0.1985595703125,0.19798583984375,40,80,1024,32,0.9875,64,33,3.392676555837257,1e-05
label_sorted,4.0,rmia_calibrated,0.5054588607594936,0.5005616039535318,0.5121723036515053,0.0625,nan,nan,0.1625,0.1625,0.1985595703125,0.19798583984375,40,80,1024,32,0.9875,64,33,3.392676555837257,1e-05
label_sorted,4.0,endpoint_best_calibrated,0.5054588607594936,0.5005616039535318,0.5121723036515053,0.0625,nan,nan,0.1625,0.1625,0.1985595703125,0.19798583984375,40,80,1024,32,0.9875,64,33,3.392676555837257,1e-05
label_sorted,4.0,hybrid_equal_lira,0.5018987341772152,0.49679669353764966,0.5073743951147037,0.037500000000000006,nan,nan,0.3125,0.3125,0.1985595703125,0.19798583984375,40,80,1024,32,0.9875,64,33,3.392676555837257,1e-05
label_sorted,4.0,hybrid_calibrated_lira,0.5015822784810127,0.49566764595978097,0.5081757628913068,0.050000000000000044,nan,nan,0.175,0.175,0.1985595703125,0.19798583984375,40,80,1024,32,0.9875,64,33,3.392676555837257,1e-05
label_sorted,4.0,hybrid_equal_rmia,0.5058544303797469,0.5017577387441399,0.5111077881653724,0.050000000000000044,nan,nan,0.1875,0.175,0.1985595703125,0.19798583984375,40,80,1024,32,0.9875,64,33,3.392676555837257,1e-05
label_sorted,4.0,hybrid_calibrated_rmia,0.5054588607594936,0.5005616039535318,0.5121723036515053,0.0625,nan,nan,0.1625,0.1625,0.1985595703125,0.19798583984375,40,80,1024,32,0.9875,64,33,3.392676555837257,1e-05
