q,steps,method,trajectory_weight,target_calibration_fpr,calibration_nonmembers,holdout_nonmembers,holdout_members,holdout_auc,calibrated_holdout_tpr,calibrated_holdout_fpr,tpr_gain_vs_lira,tpr_gain_ci_low,tpr_gain_ci_high,fpr_gain_vs_lira,fpr_gain_ci_low,fpr_gain_ci_high
0.5,64,LiRA,0.0,0.05,20,80,80,0.6956249999999999,0.1375,0.0375,0.0,0.0,0.0,0.0,0.0,0.0
0.5,64,GAUSSPROOF,1.0,0.05,20,80,80,0.7228125000000001,0.3375,0.1,0.2,0.09999999999999998,0.3125,0.0625,0.0,0.13781249999999973
0.5,64,fusion,0.7000000000000001,0.05,20,80,80,0.7250000000000001,0.35,0.075,0.21249999999999997,0.125,0.3125,0.0375,-0.012500000000000004,0.1
0.5,128,LiRA,0.0,0.05,20,80,80,0.69296875,0.125,0.025,0.0,0.0,0.0,0.0,0.0,0.0
0.5,128,GAUSSPROOF,1.0,0.05,20,80,80,0.80953125,0.2,0.025,0.07500000000000001,-0.024999999999999994,0.1875,0.0,-0.0375,0.0375
0.5,128,fusion,0.9500000000000001,0.05,20,80,80,0.8090625,0.2625,0.025,0.1375,0.037500000000000006,0.25,0.0,-0.0375,0.0375
0.1,64,LiRA,0.0,0.05,20,80,80,0.543125,0.1,0.075,0.0,0.0,0.0,0.0,0.0,0.0
0.1,64,GAUSSPROOF,1.0,0.05,20,80,80,0.55578125,0.125,0.1,0.024999999999999994,-0.05,0.1,0.02500000000000001,-0.05,0.1
0.1,64,fusion,0.05,0.05,20,80,80,0.5425,0.1,0.075,0.0,0.0,0.0,0.0,0.0,0.0
0.1,128,LiRA,0.0,0.05,20,80,80,0.53671875,0.0375,0.025,0.0,0.0,0.0,0.0,0.0,0.0
0.1,128,GAUSSPROOF,1.0,0.05,20,80,80,0.56296875,0.025,0.0125,-0.012499999999999997,-0.05,0.025,-0.0125,-0.05,0.025
0.1,128,fusion,0.55,0.05,20,80,80,0.556875,0.05,0.025,0.012500000000000004,-0.025,0.05,0.0,-0.0375,0.0375
