seed,sigma,clip,batch_size,attack,threat_model,auc,max_advantage,n_member,n_nonmember,fpr_resolution,balanced_accuracy,calibrated_advantage,tpr_at_1pct_fpr,calibrated_tpr_1pct,calibrated_fpr_1pct,threshold_1pct,tpr_at_5pct_fpr,calibrated_tpr_5pct,calibrated_fpr_5pct,threshold_5pct,auc_ci_low,auc_ci_high
17,0.0,1.0,32,loss,black_box,0.507080078125,0.078125,128,128,0.0078125,0.49609375,-0.0078125,0.015625,0.0,0.0,inf,0.0234375,0.0390625,0.0625,-0.006924347784273125,0.4302459716796875,0.5801681518554687
17,0.0,1.0,32,confidence,black_box,0.4964599609375,0.078125,128,128,0.0078125,0.4765625,-0.046875,0.015625,0.0,0.0,inf,0.0234375,0.0390625,0.0625,0.993099570274353,0.42154541015625,0.572509765625
17,0.0,1.0,32,negative_entropy,black_box,0.50390625,0.078125,128,128,0.0078125,0.49609375,-0.0078125,0.015625,0.0,0.0,inf,0.0234375,0.046875,0.0625,-0.054008921460799664,0.4287811279296875,0.5798355102539062
17,0.0,1.0,32,margin,black_box,0.49786376953125,0.0859375,128,128,0.0078125,0.48828125,-0.0234375,0.015625,0.0,0.0,inf,0.0390625,0.03125,0.046875,0.9912821715697646,0.4210845947265625,0.5729721069335938
17,0.0,1.0,32,shokri,black_box,0.55059814453125,0.140625,128,128,0.0078125,0.52734375,0.0546875,0.078125,0.1015625,0.03125,0.28316728810106834,0.109375,0.1171875,0.0625,0.26646246564810117,0.48077239990234377,0.6172576904296875
17,0.0,1.0,32,rmia,black_box,0.56707763671875,0.140625,128,128,0.0078125,0.55078125,0.1015625,0.0078125,0.0078125,0.0234375,0.99609375,0.09375,0.234375,0.1171875,0.875,0.4991058349609375,0.6356918334960937
17,0.5,1.0,32,loss,black_box,0.50537109375,0.0859375,128,128,0.0078125,0.4765625,-0.046875,0.0,0.015625,0.046875,-0.005586823422469773,0.015625,0.0390625,0.0625,-0.007351592842102963,0.43060760498046874,0.5834381103515623
17,0.5,1.0,32,confidence,black_box,0.50146484375,0.09375,128,128,0.0078125,0.50390625,0.0078125,0.0,0.015625,0.046875,0.9944287538528442,0.015625,0.0390625,0.0625,0.9926753640174866,0.43048248291015623,0.5758178710937499
17,0.5,1.0,32,negative_entropy,black_box,0.5029296875,0.1015625,128,128,0.0078125,0.4765625,-0.046875,0.0,0.015625,0.046875,-0.04355627546024714,0.015625,0.0390625,0.0625,-0.05508565707538503,0.4269989013671875,0.5772323608398438
17,0.5,1.0,32,margin,black_box,0.50384521484375,0.09375,128,128,0.0078125,0.48828125,-0.0234375,0.0,0.015625,0.0390625,0.9923818567767739,0.0234375,0.0390625,0.0703125,0.9895890208426863,0.42897491455078124,0.5793273925781248
17,0.5,1.0,32,shokri,black_box,0.55401611328125,0.1328125,128,128,0.0078125,0.55078125,0.1015625,0.0078125,0.015625,0.015625,0.24511594535438233,0.0625,0.03125,0.015625,0.2339786394919182,0.4823486328125,0.6268341064453125
17,0.5,1.0,32,rmia,black_box,0.585968017578125,0.203125,128,128,0.0078125,0.59765625,0.1953125,0.0078125,0.0,0.0,inf,0.140625,0.21875,0.09375,0.89453125,0.5146575927734375,0.6665603637695312
17,1.0,1.0,32,loss,black_box,0.5042724609375,0.078125,128,128,0.0078125,0.48828125,-0.0234375,0.0,0.0,0.0390625,-0.0053193533251016676,0.015625,0.015625,0.0546875,-0.00715004394082131,0.42814178466796876,0.5806060791015625
17,1.0,1.0,32,confidence,black_box,0.50628662109375,0.0703125,128,128,0.0078125,0.5,0.0,0.0,0.0,0.0390625,0.9946947693824768,0.015625,0.015625,0.0546875,0.9928754568099976,0.4303802490234375,0.577587890625
17,1.0,1.0,32,negative_entropy,black_box,0.5093994140625,0.0703125,128,128,0.0078125,0.48828125,-0.0234375,0.0,0.0,0.03125,-0.04095737076811474,0.015625,0.015625,0.0625,-0.052699550810667094,0.43475341796875,0.57843017578125
17,1.0,1.0,32,margin,black_box,0.500244140625,0.078125,128,128,0.0078125,0.4921875,-0.015625,0.0,0.0,0.0390625,0.9926759491208941,0.015625,0.015625,0.046875,0.9897820486221462,0.42764129638671877,0.571014404296875
17,1.0,1.0,32,shokri,black_box,0.5675048828125,0.171875,128,128,0.0078125,0.5390625,0.078125,0.0546875,0.109375,0.0390625,0.21873426794485668,0.1328125,0.1875,0.1015625,0.20157208362502094,0.49590301513671875,0.6451766967773437
17,1.0,1.0,32,rmia,black_box,0.583465576171875,0.2109375,128,128,0.0078125,0.59375,0.1875,0.0078125,0.0703125,0.03125,0.9375,0.078125,0.1875,0.09375,0.86328125,0.5191207885742187,0.6616561889648437
29,0.0,1.0,32,loss,black_box,0.58319091796875,0.1484375,128,128,0.0078125,0.546875,0.09375,0.046875,0.015625,0.0078125,-0.0046812020861670125,0.1484375,0.0546875,0.015625,-0.007090733740049699,0.522198486328125,0.6556304931640624
29,0.0,1.0,32,confidence,black_box,0.58209228515625,0.140625,128,128,0.0078125,0.55078125,0.1015625,0.046875,0.015625,0.0078125,0.995329737663269,0.1484375,0.0546875,0.015625,0.9929343461990356,0.5237625122070313,0.654205322265625
29,0.0,1.0,32,negative_entropy,black_box,0.5819091796875,0.1484375,128,128,0.0078125,0.5625,0.125,0.046875,0.015625,0.0078125,-0.03899222809000735,0.1484375,0.0703125,0.015625,-0.05596886816660612,0.52073974609375,0.6514755249023437
29,0.0,1.0,32,margin,black_box,0.5806884765625,0.1328125,128,128,0.0078125,0.546875,0.09375,0.0390625,0.0078125,0.0078125,0.9942088844254613,0.1484375,0.0625,0.015625,0.9900674629025161,0.5213516235351563,0.6519485473632812
29,0.0,1.0,32,shokri,black_box,0.55499267578125,0.125,128,128,0.0078125,0.54296875,0.0859375,0.0078125,0.0,0.0,inf,0.0703125,0.0390625,0.03125,0.284268379573608,0.4846893310546875,0.6151504516601562
29,0.0,1.0,32,rmia,black_box,0.572601318359375,0.171875,128,128,0.0078125,0.5234375,0.046875,0.0,0.015625,0.0546875,0.98828125,0.0,0.046875,0.078125,0.96875,0.5046943664550781,0.6394393920898437
29,0.5,1.0,32,loss,black_box,0.5791015625,0.1484375,128,128,0.0078125,0.53515625,0.0703125,0.03125,0.0234375,0.0078125,-0.0038064951818450954,0.1015625,0.0703125,0.015625,-0.006484086775654748,0.5155868530273438,0.6517715454101562
29,0.5,1.0,32,confidence,black_box,0.58453369140625,0.1484375,128,128,0.0078125,0.52734375,0.0546875,0.03125,0.0234375,0.0078125,0.9962007403373718,0.1015625,0.0703125,0.015625,0.9935368895530701,0.5228515625,0.6590576171875
29,0.5,1.0,32,negative_entropy,black_box,0.5826416015625,0.1484375,128,128,0.0078125,0.5390625,0.078125,0.03125,0.03125,0.0078125,-0.032417823613132245,0.09375,0.078125,0.015625,-0.05554622398336554,0.5240371704101563,0.6534729003906249
29,0.5,1.0,32,margin,black_box,0.58551025390625,0.140625,128,128,0.0078125,0.5390625,0.078125,0.015625,0.015625,0.0078125,0.995298178982921,0.109375,0.0703125,0.015625,0.9913042993284762,0.524908447265625,0.6625320434570312
29,0.5,1.0,32,shokri,black_box,0.55084228515625,0.1328125,128,128,0.0078125,0.546875,0.09375,0.0078125,0.0,0.0,inf,0.109375,0.1171875,0.0546875,0.2936451322505831,0.481622314453125,0.6154022216796874
29,0.5,1.0,32,rmia,black_box,0.56622314453125,0.1953125,128,128,0.0078125,0.57421875,0.1484375,0.0,0.0,0.0078125,0.99609375,0.0078125,0.015625,0.0625,0.98828125,0.49448623657226565,0.6433616638183592
29,1.0,1.0,32,loss,black_box,0.578369140625,0.15625,128,128,0.0078125,0.54296875,0.0859375,0.046875,0.03125,0.0078125,-0.0023250766714778743,0.1171875,0.0703125,0.03125,-0.004729170577165635,0.5140640258789062,0.648760986328125
29,1.0,1.0,32,confidence,black_box,0.58758544921875,0.140625,128,128,0.0078125,0.55078125,0.1015625,0.046875,0.03125,0.0078125,0.9976776242256165,0.1171875,0.0703125,0.03125,0.995281994342804,0.5192550659179688,0.66005859375
29,1.0,1.0,32,negative_entropy,black_box,0.58111572265625,0.140625,128,128,0.0078125,0.55078125,0.1015625,0.0546875,0.0390625,0.0078125,-0.02078712288067428,0.1328125,0.0625,0.015625,-0.03548715534172198,0.5075714111328125,0.64935302734375
29,1.0,1.0,32,margin,black_box,0.58880615234375,0.1484375,128,128,0.0078125,0.54296875,0.0859375,0.046875,0.03125,0.0078125,0.9969784941058606,0.1015625,0.0703125,0.015625,0.9936116845346987,0.5250106811523437,0.6595962524414062
29,1.0,1.0,32,shokri,black_box,0.552734375,0.1171875,128,128,0.0078125,0.546875,0.09375,0.015625,0.0,0.0,inf,0.109375,0.109375,0.046875,0.30876129792995627,0.4818023681640625,0.608209228515625
29,1.0,1.0,32,rmia,black_box,0.547515869140625,0.125,128,128,0.0078125,0.5625,0.125,0.0078125,0.0078125,0.0078125,0.9921875,0.0078125,0.0390625,0.078125,0.98046875,0.48828125,0.6172256469726561
43,0.0,1.0,32,loss,black_box,0.5140380859375,0.09375,128,128,0.0078125,0.5078125,0.015625,0.0078125,0.0,0.0,inf,0.0546875,0.0546875,0.046875,-0.008338610072301331,0.43599395751953124,0.5827362060546875
43,0.0,1.0,32,confidence,black_box,0.50787353515625,0.0625,128,128,0.0078125,0.51171875,0.0234375,0.0078125,0.0,0.0,inf,0.0546875,0.0546875,0.046875,0.9916960597038269,0.4248870849609375,0.5797149658203125
43,0.0,1.0,32,negative_entropy,black_box,0.50299072265625,0.0625,128,128,0.0078125,0.51953125,0.0390625,0.0078125,0.0,0.0,inf,0.0546875,0.0546875,0.0546875,-0.06311471179982084,0.42273406982421874,0.5784530639648438
43,0.0,1.0,32,margin,black_box,0.51220703125,0.1015625,128,128,0.0078125,0.515625,0.03125,0.015625,0.0,0.0,inf,0.046875,0.0546875,0.0625,0.9874122503679246,0.43035888671875,0.5798950195312499
43,0.0,1.0,32,shokri,black_box,0.51715087890625,0.0703125,128,128,0.0078125,0.50390625,0.0078125,0.0078125,0.0,0.0078125,0.4270189076039692,0.0625,0.0078125,0.0234375,0.4223238102649538,0.43873138427734376,0.5871475219726562
43,0.0,1.0,32,rmia,black_box,0.541534423828125,0.0859375,128,128,0.0078125,0.51953125,0.0390625,0.015625,0.015625,0.0078125,0.99609375,0.046875,0.109375,0.0859375,0.90234375,0.47114028930664065,0.6123733520507812
43,0.5,1.0,32,loss,black_box,0.51214599609375,0.0859375,128,128,0.0078125,0.515625,0.03125,0.015625,0.0,0.0078125,-0.0042618003839301625,0.0390625,0.1171875,0.1640625,-0.017253873078916546,0.4337677001953125,0.579742431640625
43,0.5,1.0,32,confidence,black_box,0.50634765625,0.09375,128,128,0.0078125,0.51953125,0.0390625,0.015625,0.0,0.0078125,0.9957472681999207,0.0390625,0.1171875,0.1640625,0.9828941226005554,0.42568817138671877,0.5771026611328125
43,0.5,1.0,32,negative_entropy,black_box,0.5035400390625,0.0859375,128,128,0.0078125,0.5390625,0.078125,0.015625,0.0,0.0078125,-0.03416955602084606,0.03125,0.1015625,0.171875,-0.11381111724535853,0.42385101318359375,0.5742675781249998
43,0.5,1.0,32,margin,black_box,0.51068115234375,0.09375,128,128,0.0078125,0.515625,0.03125,0.015625,0.0,0.0078125,0.9943183537106961,0.0390625,0.09375,0.15625,0.9786384925246239,0.43099517822265626,0.5771316528320313
43,0.5,1.0,32,shokri,black_box,0.508056640625,0.0859375,128,128,0.0078125,0.5078125,0.015625,0.0078125,0.0,0.0,inf,0.078125,0.046875,0.03125,0.41353689099881236,0.43043365478515627,0.5782302856445312
43,0.5,1.0,32,rmia,black_box,0.546844482421875,0.0859375,128,128,0.0078125,0.5078125,0.015625,0.0,0.0234375,0.03125,0.984375,0.03125,0.0625,0.0546875,0.92578125,0.47610015869140626,0.6188575744628906
43,1.0,1.0,32,loss,black_box,0.52862548828125,0.109375,128,128,0.0078125,0.51171875,0.0234375,0.0,0.0,0.015625,-0.004940474916872036,0.03125,0.0625,0.078125,-0.01403659993299336,0.44665985107421874,0.6006378173828124
43,1.0,1.0,32,confidence,black_box,0.52520751953125,0.109375,128,128,0.0078125,0.546875,0.09375,0.0,0.0,0.015625,0.9950717091560364,0.03125,0.0625,0.078125,0.9860614538192749,0.44666595458984376,0.5958145141601562
43,1.0,1.0,32,negative_entropy,black_box,0.52081298828125,0.109375,128,128,0.0078125,0.5390625,0.078125,0.0,0.0,0.015625,-0.04019747006326087,0.03125,0.1015625,0.09375,-0.11008228850977372,0.44006500244140623,0.5924484252929687
43,1.0,1.0,32,margin,black_box,0.528564453125,0.1015625,128,128,0.0078125,0.546875,0.09375,0.0,0.0,0.015625,0.9934919935185462,0.03125,0.0546875,0.0625,0.9819556809961796,0.44556121826171874,0.6017608642578124
43,1.0,1.0,32,shokri,black_box,0.52685546875,0.0859375,128,128,0.0078125,0.52734375,0.0546875,0.0078125,0.0,0.0,inf,0.1015625,0.0234375,0.03125,0.44508293980346,0.44131622314453123,0.5963989257812499
43,1.0,1.0,32,rmia,black_box,0.571380615234375,0.15625,128,128,0.0078125,0.55859375,0.1171875,0.0,0.0,0.0,inf,0.0390625,0.0390625,0.046875,0.953125,0.496875,0.647491455078125
