repeat,control,attack,auc
0,structured,rero,0.80859375
0,structured,gaussproof,1.0
0,pure_noise,rero,0.5703125
0,pure_noise,gaussproof,0.703125
0,nonmember_only,rero,0.16015625
0,nonmember_only,gaussproof,0.0
0,high_noise,rero,0.60546875
0,high_noise,gaussproof,0.671875
1,structured,rero,0.92578125
1,structured,gaussproof,1.0
1,pure_noise,rero,0.46875
1,pure_noise,gaussproof,0.45703125
1,nonmember_only,rero,0.17578125
1,nonmember_only,gaussproof,0.0
1,high_noise,rero,0.54296875
1,high_noise,gaussproof,0.6171875
2,structured,rero,0.83984375
2,structured,gaussproof,1.0
2,pure_noise,rero,0.375
2,pure_noise,gaussproof,0.39453125
2,nonmember_only,rero,0.2421875
2,nonmember_only,gaussproof,0.0
2,high_noise,rero,0.4375
2,high_noise,gaussproof,0.375
3,structured,rero,0.88671875
3,structured,gaussproof,1.0
3,pure_noise,rero,0.42578125
3,pure_noise,gaussproof,0.2734375
3,nonmember_only,rero,0.17578125
3,nonmember_only,gaussproof,0.0
3,high_noise,rero,0.55859375
3,high_noise,gaussproof,0.4921875
4,structured,rero,0.875
4,structured,gaussproof,1.0
4,pure_noise,rero,0.63671875
4,pure_noise,gaussproof,0.66015625
4,nonmember_only,rero,0.1171875
4,nonmember_only,gaussproof,0.0
4,high_noise,rero,0.73828125
4,high_noise,gaussproof,0.62109375
5,structured,rero,0.86328125
5,structured,gaussproof,1.0
5,pure_noise,rero,0.42578125
5,pure_noise,gaussproof,0.48828125
5,nonmember_only,rero,0.11328125
5,nonmember_only,gaussproof,0.0
5,high_noise,rero,0.51953125
5,high_noise,gaussproof,0.546875
6,structured,rero,0.83984375
6,structured,gaussproof,1.0
6,pure_noise,rero,0.38671875
6,pure_noise,gaussproof,0.3671875
6,nonmember_only,rero,0.140625
6,nonmember_only,gaussproof,0.0
6,high_noise,rero,0.48046875
6,high_noise,gaussproof,0.43359375
7,structured,rero,0.90234375
7,structured,gaussproof,1.0
7,pure_noise,rero,0.4453125
7,pure_noise,gaussproof,0.40625
7,nonmember_only,rero,0.16015625
7,nonmember_only,gaussproof,0.0
7,high_noise,rero,0.5546875
7,high_noise,gaussproof,0.49609375
8,structured,rero,0.86328125
8,structured,gaussproof,1.0
8,pure_noise,rero,0.625
8,pure_noise,gaussproof,0.70703125
8,nonmember_only,rero,0.1015625
8,nonmember_only,gaussproof,0.0
8,high_noise,rero,0.6796875
8,high_noise,gaussproof,0.6796875
9,structured,rero,0.8671875
9,structured,gaussproof,1.0
9,pure_noise,rero,0.54296875
9,pure_noise,gaussproof,0.5234375
9,nonmember_only,rero,0.1171875
9,nonmember_only,gaussproof,0.0
9,high_noise,rero,0.59765625
9,high_noise,gaussproof,0.5390625
10,structured,rero,0.99609375
10,structured,gaussproof,1.0
10,pure_noise,rero,0.59375
10,pure_noise,gaussproof,0.60546875
10,nonmember_only,rero,0.109375
10,nonmember_only,gaussproof,0.0
10,high_noise,rero,0.6796875
10,high_noise,gaussproof,0.68359375
11,structured,rero,0.87109375
11,structured,gaussproof,1.0
11,pure_noise,rero,0.484375
11,pure_noise,gaussproof,0.69140625
11,nonmember_only,rero,0.15234375
11,nonmember_only,gaussproof,0.0
11,high_noise,rero,0.578125
11,high_noise,gaussproof,0.6171875
12,structured,rero,0.89453125
12,structured,gaussproof,1.0
12,pure_noise,rero,0.390625
12,pure_noise,gaussproof,0.30859375
12,nonmember_only,rero,0.140625
12,nonmember_only,gaussproof,0.0
12,high_noise,rero,0.484375
12,high_noise,gaussproof,0.3828125
13,structured,rero,0.70703125
13,structured,gaussproof,1.0
13,pure_noise,rero,0.3359375
13,pure_noise,gaussproof,0.421875
13,nonmember_only,rero,0.12890625
13,nonmember_only,gaussproof,0.0
13,high_noise,rero,0.3828125
13,high_noise,gaussproof,0.36328125
14,structured,rero,0.79296875
14,structured,gaussproof,1.0
14,pure_noise,rero,0.5390625
14,pure_noise,gaussproof,0.62109375
14,nonmember_only,rero,0.21875
14,nonmember_only,gaussproof,0.0
14,high_noise,rero,0.58203125
14,high_noise,gaussproof,0.6953125
15,structured,rero,0.91015625
15,structured,gaussproof,1.0
15,pure_noise,rero,0.48828125
15,pure_noise,gaussproof,0.44921875
15,nonmember_only,rero,0.109375
15,nonmember_only,gaussproof,0.0
15,high_noise,rero,0.5859375
15,high_noise,gaussproof,0.416015625
16,structured,rero,0.66015625
16,structured,gaussproof,1.0
16,pure_noise,rero,0.43359375
16,pure_noise,gaussproof,0.57421875
16,nonmember_only,rero,0.23046875
16,nonmember_only,gaussproof,0.0
16,high_noise,rero,0.46484375
16,high_noise,gaussproof,0.53125
17,structured,rero,0.8984375
17,structured,gaussproof,1.0
17,pure_noise,rero,0.71484375
17,pure_noise,gaussproof,0.44140625
17,nonmember_only,rero,0.1953125
17,nonmember_only,gaussproof,0.0
17,high_noise,rero,0.765625
17,high_noise,gaussproof,0.70703125
18,structured,rero,0.8203125
18,structured,gaussproof,1.0
18,pure_noise,rero,0.578125
18,pure_noise,gaussproof,0.77734375
18,nonmember_only,rero,0.07421875
18,nonmember_only,gaussproof,0.0
18,high_noise,rero,0.640625
18,high_noise,gaussproof,0.81640625
19,structured,rero,0.7578125
19,structured,gaussproof,1.0
19,pure_noise,rero,0.58984375
19,pure_noise,gaussproof,0.67578125
19,nonmember_only,rero,0.171875
19,nonmember_only,gaussproof,0.0
19,high_noise,rero,0.62109375
19,high_noise,gaussproof,0.70703125
