sigma,metric,baseline,method,absolute_gain,percent_gain,bootstrap_low,bootstrap_high,min_seed_gain,max_seed_gain,positive_training_seeds
0.05,pixel_mse,current,past,-0.00010043602863637109,-0.18438097065589545,-0.0006645224328773717,0.0006543444931594403,-0.00044904244714416564,0.0005561728321481496,1
0.05,gradient_error,current,past,-0.004728847246345443,-4.834623436024706,-0.006585462559208584,-0.003073403927555775,-0.005598665040452033,-0.003253625603974797,0
0.05,pixel_mse,current,full,-0.0005557757491866747,-1.020295938552645,-0.0012344912481542754,0.00024784319418055557,-0.0009258251229766756,0.0001289178035221994,1
0.05,gradient_error,current,full,-0.009086346491433991,-9.2895924539066,-0.011329609254607931,-0.007188547936675605,-0.010033408150775358,-0.007770661715767346,0
0.05,pixel_mse,current,shuffled,0.0002504000100695218,0.4596856081996173,-0.00015844293144861392,0.0006536389224493178,-3.389209450688213e-05,0.0006537008739542216,2
0.05,gradient_error,current,shuffled,0.0002489798110521709,0.25454906172748387,-0.0007401528067324156,0.0010509075826121257,-0.0001341350143775344,0.0005996678810333833,2
0.05,pixel_mse,shuffled,full,-0.0008061757592561966,-1.486816226968011,-0.0013237395614851266,-0.0002648684323503405,-0.0010572163737379014,-0.0005247830704320222,0
0.05,gradient_error,shuffled,full,-0.00933532630248616,-9.568498037610231,-0.011281385534918325,-0.007287967302060378,-0.010314814717276022,-0.00837032959680073,0
0.05,pixel_mse,full_test_shuffled,full,5.1584987280269466e-05,0.09365572372513746,-0.0003148449684279816,0.0005067988866358064,-9.39401361392811e-05,0.00032405173988081515,1
0.05,gradient_error,full_test_shuffled,full,-0.00039721258023443323,-0.37296519886264623,-0.0016412855169619434,0.0008386538963046996,-0.0010245800949633121,0.0004820228205062449,1
0.5,pixel_mse,current,past,-0.0006974647985771298,-0.9600824452331302,-0.0019761204389700045,0.0003423917376494501,-0.0013749832287430763,5.6585471611469984e-05,1
0.5,gradient_error,current,past,-0.0013854849385097623,-0.3310439505043269,-0.00832785579841584,0.0060122261551441595,-0.007840969949029386,0.0028717740206047893,2
0.5,pixel_mse,current,full,-0.0009629917234027138,-1.3255886898233205,-0.0024503946442564484,0.00029706605055252985,-0.0017348724941257387,-0.00011503667337819934,0
0.5,gradient_error,current,full,0.003835785163876911,0.9165119292466075,-0.0038580993335926906,0.011798758120858104,-0.0006321698892861605,0.009190111537463963,2
0.5,pixel_mse,current,shuffled,0.0003510674578137696,0.4832555048329787,-0.0007138885504294497,0.0011743318379255163,-0.00020552353817038238,0.0009531227115076035,2
0.5,gradient_error,current,shuffled,0.010439856094308197,2.494470425549203,0.001169358715803052,0.018403387605212627,0.0013575719203799963,0.018826685147359967,3
0.5,pixel_mse,shuffled,full,-0.0013140591812164832,-1.817627981936391,-0.002087315113991887,-0.0004887093047727834,-0.0015293489559553564,-0.0010681593848858029,0
0.5,gradient_error,shuffled,full,-0.006604070930431287,-1.6183271894315885,-0.013882771298328104,0.0016307448269799324,-0.009636573609896004,-0.0019897418096661568,0
0.5,pixel_mse,full_test_shuffled,full,-0.00029566342709586024,-0.4032855219069922,-0.000868958089510367,0.00027023550768111114,-0.00035135698271915317,-0.00022174068726599216,0
0.5,gradient_error,full_test_shuffled,full,-4.0078574481109776e-05,-0.009665777689209298,-0.003380079117293159,0.0035443599248537773,-0.0012322170659899712,0.002058782847598195,1
