sigma,method,pixel_mse,psnr_db,digit_accuracy,gradient_error,pixel_mse_seed_sd
0.05,bilstm,0.054743050888646394,12.824364099651575,0.65234375,0.10998488561017439,0.0025000745984914605
0.05,clean_oracle,0.048999567530700006,13.369551883079112,0.69140625,0.03047074090136448,0.0025294690139055936
0.05,context_only,0.0749367123353295,11.278391340747476,0.10546875,0.42288458393886685,0.003931928075403891
0.05,diffusion_draw,0.06996675393020269,11.71040897257626,0.4765625,0.26218301511835307,0.0037224310576587224
0.05,diffusion_mean,0.05847074605844682,12.522651311010122,0.55859375,0.13452266581589356,0.0032064510275588323
0.05,diffusion_shuffled_sequence,0.08585766961914487,10.762856635265052,0.1484375,nan,0.004362300667241972
0.05,gaussian_current,0.052876543217280414,13.00383772701025,0.6328125,0.07106622355058789,0.002937212034861543
0.05,gaussian_smoother,0.0727266064932337,11.464917217381299,0.1796875,0.372982791333925,0.0035129998100067532
0.05,mean_image,0.06579337827861309,11.887284368276596,0.109375,nan,0.002842047604303874
0.05,noisy,0.05684009579999838,12.715334338136017,0.57421875,0.1097636551130563,0.0037163247355688385
0.5,bilstm,0.07737963134422898,11.247755652293563,0.26171875,0.4592958283610642,0.004822086239495454
0.5,clean_oracle,0.052822967525571585,13.03753228392452,0.62890625,0.04956413727632025,0.0027617624405332527
0.5,context_only,0.07579184597125277,11.255398262292147,0.08203125,0.44321451720315963,0.005392462082083484
0.5,diffusion_draw,0.09260912524769083,10.439826757647097,0.19921875,0.7374878250993788,0.004420049435376742
0.5,diffusion_mean,0.0798123189015314,11.09779556747526,0.234375,0.5091381270904094,0.004115680740632675
0.5,diffusion_shuffled_sequence,0.082648376817815,10.917599713429809,0.109375,nan,0.003973496453925969
0.5,gaussian_current,0.06978981589782052,11.657363763079047,0.25390625,0.34868053544778377,0.0039228791371587225
0.5,gaussian_smoother,0.07524827466113493,11.295770583674312,0.1015625,0.44667858094908297,0.00551510483239503
0.5,mean_image,0.06579337827861309,11.887284368276596,0.109375,nan,0.002842047604303874
0.5,noisy,0.11088703377754427,9.662618730217218,0.140625,7.978855516761541,0.008914417125317717
