distribution,background_model,steps,samples,gallery_size,top1,top5,reciprocal_rank,predicted_label_match,same_class_top1,same_class_reciprocal_rank,open_label_match,open_pixel_mse,top1_ci_low,top1_ci_high,top5_ci_low,top5_ci_high,reciprocal_rank_ci_low,reciprocal_rank_ci_high,predicted_label_match_ci_low,predicted_label_match_ci_high,same_class_top1_ci_low,same_class_top1_ci_high,same_class_reciprocal_rank_ci_low,same_class_reciprocal_rank_ci_high
balanced,matched,16,60,32,0.06666666666666667,0.26666666666666666,0.1896379571964937,0.13333333333333333,0.48333333333333334,0.6902777777777778,0.11666666666666667,0.14095176545282204,0.0,0.15,0.13333333333333333,0.4,0.12327689600647988,0.2694259539857319,0.03333333333333333,0.23374999999999774,0.3333333333333333,0.6337499999999977,0.5958333333333333,0.7847222222222221
balanced,matched,32,60,32,0.1,0.3,0.23775909770306328,0.18333333333333332,0.5333333333333333,0.7305555555555556,0.13333333333333333,0.14653066143703958,0.016666666666666666,0.2,0.16666666666666666,0.45,0.1584401616981358,0.333866719698724,0.08333333333333333,0.3,0.38333333333333336,0.6833333333333333,0.638888888888889,0.8222222222222222
balanced,matched,64,60,32,0.15,0.3,0.2642448639193939,0.25,0.55,0.7361111111111112,0.18333333333333332,0.14751617709795634,0.05,0.26666666666666666,0.16666666666666666,0.45,0.1722256445117432,0.37387297364766986,0.11666666666666667,0.38374999999999776,0.38333333333333336,0.7,0.6374652777777777,0.8250347222222221
balanced,matched,128,60,32,0.13333333333333333,0.43333333333333335,0.2828675487824038,0.16666666666666666,0.65,0.7986111111111112,0.1,0.14593091619511445,0.03333333333333333,0.25,0.2833333333333333,0.5833333333333334,0.19782722355140833,0.3793494013534774,0.06666666666666667,0.3,0.5,0.7833333333333333,0.7166666666666667,0.8805555555555554
balanced,balanced,16,60,32,0.06666666666666667,0.26666666666666666,0.1896379571964937,0.13333333333333333,0.48333333333333334,0.6902777777777778,0.11666666666666667,0.14095176545282204,0.0,0.15,0.15,0.4166666666666667,0.12757728228219425,0.26744158258218115,0.05,0.25,0.3329166666666667,0.6333333333333333,0.5944097222222222,0.7791666666666667
balanced,balanced,32,60,32,0.1,0.3,0.23775909770306328,0.18333333333333332,0.5333333333333333,0.7305555555555556,0.13333333333333333,0.14653066143703958,0.016666666666666666,0.2,0.16666666666666666,0.45,0.15780748003592832,0.3319415762637745,0.08333333333333333,0.31666666666666665,0.38333333333333336,0.7,0.6402430555555555,0.8236111111111111
balanced,balanced,64,60,32,0.15,0.3,0.2642448639193939,0.25,0.55,0.7361111111111112,0.18333333333333332,0.14751617709795634,0.05,0.26666666666666666,0.16666666666666666,0.4504166666666644,0.1735956738002662,0.37487188905155655,0.11666666666666667,0.4,0.38333333333333336,0.7,0.6416319444444445,0.8277777777777777
balanced,balanced,128,60,32,0.13333333333333333,0.43333333333333335,0.2828675487824038,0.16666666666666666,0.65,0.7986111111111112,0.1,0.14593091619511445,0.03333333333333333,0.25,0.2833333333333333,0.5833333333333334,0.19707393170436646,0.38748508684853783,0.06666666666666667,0.3,0.5,0.8,0.7111111111111111,0.8861111111111111
long_tail,matched,16,60,32,0.05,0.26666666666666666,0.18034396530789237,0.16666666666666666,0.4666666666666667,0.6875,0.15,0.141164239620169,0.0,0.13333333333333333,0.13333333333333333,0.4,0.12107442976419323,0.2546378157767044,0.06666666666666667,0.3,0.31666666666666665,0.6170833333333311,0.5972222222222224,0.7834027777777774
long_tail,matched,32,60,32,0.13333333333333333,0.2833333333333333,0.2527257759362301,0.21666666666666667,0.5166666666666667,0.7319444444444445,0.13333333333333333,0.14786061110595863,0.03333333333333333,0.25,0.15,0.4166666666666667,0.1639937908627515,0.3565139443794754,0.1,0.35,0.36666666666666664,0.667083333333331,0.6457986111111111,0.8194444444444444
long_tail,matched,64,60,32,0.18333333333333332,0.35,0.2915129451951662,0.2833333333333333,0.55,0.7430555555555556,0.2,0.14851052860418956,0.08333333333333333,0.31666666666666665,0.21666666666666667,0.5,0.19465549461766654,0.4064474675755027,0.15,0.45,0.4,0.7,0.65,0.8277777777777778
long_tail,matched,128,60,32,0.15,0.48333333333333334,0.2990910419740343,0.18333333333333332,0.6,0.773611111111111,0.11666666666666667,0.15008243806660176,0.05,0.26666666666666666,0.3333333333333333,0.6166666666666667,0.21047852864550431,0.3987823088084596,0.06666666666666667,0.31666666666666665,0.45,0.75,0.6833333333333333,0.8583333333333333
long_tail,balanced,16,60,32,0.06666666666666667,0.25,0.17428903670376278,0.11666666666666667,0.5,0.7055555555555556,0.1,0.1413683028270801,0.0,0.16666666666666666,0.11666666666666667,0.38333333333333336,0.10611363517032207,0.2602721025730184,0.03333333333333333,0.21666666666666667,0.3333333333333333,0.65,0.6069444444444445,0.8
long_tail,balanced,32,60,32,0.05,0.26666666666666666,0.17953036870927255,0.15,0.5,0.711111111111111,0.11666666666666667,0.14046987372760972,0.0,0.13333333333333333,0.13333333333333333,0.4166666666666667,0.11905816781187596,0.2558222035823346,0.05,0.2833333333333333,0.35,0.65,0.6222222222222221,0.8
long_tail,balanced,64,60,32,0.03333333333333333,0.23333333333333334,0.15677885597519556,0.11666666666666667,0.48333333333333334,0.7027777777777777,0.11666666666666667,0.14294130528966587,0.0,0.1,0.1,0.38333333333333336,0.10353274118377379,0.22918028567211557,0.016666666666666666,0.23333333333333334,0.31666666666666665,0.65,0.6069444444444444,0.7972222222222222
long_tail,balanced,128,60,32,0.06666666666666667,0.2,0.18460196329398823,0.13333333333333333,0.55,0.7402777777777777,0.11666666666666667,0.14804254219246407,0.0,0.16666666666666666,0.08333333333333333,0.35,0.11102416464861192,0.2740424067246823,0.03333333333333333,0.25,0.4,0.7,0.65,0.8305555555555555
canary_rare,matched,16,60,32,0.05,0.23333333333333334,0.16518647789486227,0.11666666666666667,0.45,0.6763888888888889,0.11666666666666667,0.14097606043020885,0.0,0.13333333333333333,0.1,0.36666666666666664,0.10833537066592296,0.2407917461108872,0.03333333333333333,0.21666666666666667,0.29958333333333337,0.6166666666666667,0.5832986111111111,0.7763888888888888
canary_rare,matched,32,60,32,0.1,0.3333333333333333,0.2420313050822796,0.16666666666666666,0.5166666666666667,0.7263888888888889,0.11666666666666667,0.1461508213231961,0.016666666666666666,0.2,0.2,0.48333333333333334,0.16736987614060797,0.3394183348380545,0.06666666666666667,0.2833333333333333,0.35,0.6666666666666666,0.6332986111111111,0.813923611111111
canary_rare,matched,64,60,32,0.13333333333333333,0.35,0.2528828327044215,0.21666666666666667,0.55,0.7388888888888889,0.18333333333333332,0.14887553428610165,0.03333333333333333,0.25,0.21666666666666667,0.5166666666666667,0.1624194102573034,0.3596009534810195,0.08333333333333333,0.35,0.38333333333333336,0.7,0.6375000000000001,0.8319444444444444
canary_rare,matched,128,60,32,0.15,0.4166666666666667,0.29027754404352873,0.16666666666666666,0.6833333333333333,0.8125,0.1,0.14485885264972845,0.05,0.26666666666666666,0.26666666666666666,0.5833333333333334,0.2000068874717212,0.39547127536785465,0.06666666666666667,0.3,0.5333333333333333,0.8333333333333334,0.7194444444444444,0.9
canary_rare,balanced,16,60,32,0.05,0.16666666666666666,0.13830044326792776,0.1,0.43333333333333335,0.6708333333333333,0.1,0.14086269450684388,0.0,0.13333333333333333,0.06666666666666667,0.2833333333333333,0.08862881732464083,0.20604460199276306,0.016666666666666666,0.2,0.2833333333333333,0.5833333333333334,0.5749652777777777,0.763888888888889
canary_rare,balanced,32,60,32,0.05,0.23333333333333334,0.16955954583130212,0.08333333333333333,0.5166666666666667,0.7236111111111111,0.05,0.14917909068365892,0.0,0.11666666666666667,0.11666666666666667,0.38333333333333336,0.11157797555891814,0.2439979386251426,0.016666666666666666,0.18333333333333332,0.35,0.6666666666666666,0.6333333333333333,0.8111111111111112
canary_rare,balanced,64,60,32,0.05,0.23333333333333334,0.16463355042109137,0.1,0.5333333333333333,0.7333333333333333,0.05,0.1490656281510989,0.0,0.13333333333333333,0.1,0.36666666666666664,0.10136473166616515,0.24478039667373824,0.016666666666666666,0.21666666666666667,0.36666666666666664,0.7,0.6347222222222223,0.8319444444444444
canary_rare,balanced,128,60,32,0.06666666666666667,0.21666666666666667,0.1663327316178938,0.06666666666666667,0.6666666666666666,0.8027777777777777,0.0,0.14980157725512983,0.0,0.15,0.1,0.35,0.10434302115118327,0.24678776514281392,0.0,0.15,0.5166666666666667,0.8166666666666667,0.7083333333333334,0.888958333333333
canary_dominant,matched,16,60,32,0.08333333333333333,0.3333333333333333,0.21516504628307823,0.15,0.5,0.7152777777777778,0.11666666666666667,0.14618135939041774,0.016666666666666666,0.18333333333333332,0.2,0.4666666666666667,0.1405117114187493,0.29877327192296943,0.05,0.26666666666666666,0.34958333333333336,0.65,0.6222222222222222,0.8000000000000002
canary_dominant,matched,32,60,32,0.1,0.36666666666666664,0.23897383315901907,0.2,0.5333333333333333,0.736111111111111,0.15,0.1457109945981453,0.016666666666666666,0.2,0.21666666666666667,0.5166666666666667,0.15890033532578793,0.3286052987285784,0.08333333333333333,0.3333333333333333,0.38333333333333336,0.7,0.6472222222222223,0.8277777777777778
canary_dominant,matched,64,60,32,0.13333333333333333,0.48333333333333334,0.29686961784303073,0.26666666666666666,0.5333333333333333,0.7291666666666666,0.16666666666666666,0.14712863137635093,0.05,0.25,0.31666666666666665,0.6333333333333333,0.20649742430536025,0.3987657861821681,0.13333333333333333,0.4166666666666667,0.36666666666666664,0.7,0.6346875,0.825
canary_dominant,matched,128,60,32,0.13333333333333333,0.36666666666666664,0.2692150801347449,0.18333333333333332,0.6,0.7583333333333333,0.15,0.14982963708850244,0.03333333333333333,0.25,0.21666666666666667,0.5166666666666667,0.18392832796417674,0.3744842060378159,0.08333333333333333,0.3,0.4166666666666667,0.7666666666666667,0.6486111111111111,0.8555555555555556
canary_dominant,balanced,16,60,32,0.4166666666666667,0.9833333333333333,0.6556818181818183,0.95,0.43333333333333335,0.6736111111111112,0.95,0.12217442366915444,0.26666666666666666,0.5833333333333334,0.9333333333333333,1.0,0.5627493686868688,0.7515151515151516,0.8666666666666667,1.0,0.2833333333333333,0.5833333333333334,0.5875,0.7666666666666667
canary_dominant,balanced,32,60,32,0.45,1.0,0.6805555555555555,1.0,0.45,0.6805555555555555,1.0,0.12065119526038567,0.2833333333333333,0.6166666666666667,1.0,1.0,0.5805555555555556,0.7777777777777778,1.0,1.0,0.2833333333333333,0.6166666666666667,0.5805555555555556,0.7777777777777778
canary_dominant,balanced,64,60,32,0.3,1.0,0.6000000000000001,1.0,0.3,0.6000000000000001,1.0,0.12457302852223316,0.16625,0.45,1.0,1.0,0.5166666666666666,0.688958333333333,1.0,1.0,0.16625,0.45,0.5166666666666666,0.688958333333333
canary_dominant,balanced,128,60,32,0.25,1.0,0.5555555555555555,1.0,0.25,0.5555555555555555,1.0,0.12845353726297618,0.11666666666666667,0.38333333333333336,1.0,1.0,0.47083333333333327,0.6403124999999998,1.0,1.0,0.11666666666666667,0.38333333333333336,0.47083333333333327,0.6403124999999998
