q,steps,method,selected_variant,auc,auc_ci_low,auc_ci_high,empirical_tpr_at_fpr_5,calibrated_tpr_5,calibrated_fpr_5,holdout_members,holdout_nonmembers,calibration_members,calibration_nonmembers,mean_public_accuracy
0.5,64,trajectory_mixture,trajectory_mixture,0.7228125000000001,0.69374609375,0.763296875,0.275,0.3375,0.1,80,80,20,20,0.310009765625
0.5,64,trajectory_sum_llr,trajectory_sum_llr,0.72046875,0.6910742187500001,0.759375,0.2625,0.325,0.0875,80,80,20,20,0.310009765625
0.5,64,trajectory_raw_alignment,trajectory_raw_alignment,0.74234375,0.70734375,0.7887500000000001,0.3,0.0875,0.0125,80,80,20,20,0.310009765625
0.5,64,endpoint_loss,endpoint_loss,0.6928124999999999,0.65843359375,0.7364218749999998,0.1375,0.175,0.075,80,80,20,20,0.310009765625
0.5,64,endpoint_lira_fixed,endpoint_lira_fixed,0.5328124999999999,0.45530078125,0.602046875,0.0875,0.075,0.05,80,80,20,20,0.310009765625
0.5,64,endpoint_lira_z,endpoint_lira_z,0.6956249999999999,0.66295703125,0.7382851562500001,0.15,0.1375,0.0375,80,80,20,20,0.310009765625
0.5,64,endpoint_rmia_a050_g100,endpoint_rmia_a050_g100,0.69,0.655458984375,0.7304121093749999,0.15,0.1375,0.05,80,80,20,20,0.310009765625
0.5,64,endpoint_lira_selected,endpoint_lira_z,0.6956249999999999,0.66295703125,0.7382851562500001,0.15,0.1375,0.0375,80,80,20,20,0.310009765625
0.5,64,endpoint_rmia_selected,endpoint_rmia_a100_g100,0.69921875,0.666630859375,0.74227734375,0.1875,0.1875,0.05,80,80,20,20,0.310009765625
0.5,64,endpoint_best_selected,endpoint_rmia_a100_g100,0.69921875,0.666630859375,0.74227734375,0.1875,0.1875,0.05,80,80,20,20,0.310009765625
0.5,128,trajectory_mixture,trajectory_mixture,0.80953125,0.76623046875,0.8632890625000001,0.425,0.2,0.025,80,80,20,20,0.24384765625
0.5,128,trajectory_sum_llr,trajectory_sum_llr,0.806875,0.76295703125,0.86141015625,0.3875,0.3,0.025,80,80,20,20,0.24384765625
0.5,128,trajectory_raw_alignment,trajectory_raw_alignment,0.7842187500000001,0.7507812500000001,0.82875,0.4125,0.0875,0.0,80,80,20,20,0.24384765625
0.5,128,endpoint_loss,endpoint_loss,0.6720312500000001,0.64796484375,0.709375,0.1875,0.2125,0.0875,80,80,20,20,0.24384765625
0.5,128,endpoint_lira_fixed,endpoint_lira_fixed,0.5604687500000001,0.49138671875,0.63063671875,0.05,0.1375,0.075,80,80,20,20,0.24384765625
0.5,128,endpoint_lira_z,endpoint_lira_z,0.69296875,0.66530859375,0.73187890625,0.3,0.125,0.025,80,80,20,20,0.24384765625
0.5,128,endpoint_rmia_a050_g100,endpoint_rmia_a050_g100,0.673515625,0.639525390625,0.715080078125,0.125,0.125,0.05,80,80,20,20,0.24384765625
0.5,128,endpoint_lira_selected,endpoint_lira_z,0.69296875,0.66530859375,0.73187890625,0.3,0.125,0.025,80,80,20,20,0.24384765625
0.5,128,endpoint_rmia_selected,endpoint_rmia_a000_g105,0.6671875,0.6348007812500001,0.7086738281249999,0.0625,0.0875,0.0625,80,80,20,20,0.24384765625
0.5,128,endpoint_best_selected,endpoint_lira_z,0.69296875,0.66530859375,0.73187890625,0.3,0.125,0.025,80,80,20,20,0.24384765625
0.1,64,trajectory_mixture,trajectory_mixture,0.55578125,0.540384765625,0.5771875,0.075,0.125,0.1,80,80,20,20,0.308251953125
0.1,64,trajectory_sum_llr,trajectory_sum_llr,0.55484375,0.5408535156250001,0.57664453125,0.075,0.1,0.075,80,80,20,20,0.308251953125
0.1,64,trajectory_raw_alignment,trajectory_raw_alignment,0.55453125,0.538271484375,0.5765,0.125,0.025,0.0125,80,80,20,20,0.308251953125
0.1,64,endpoint_loss,endpoint_loss,0.5467187499999999,0.53,0.570166015625,0.0625,0.075,0.0625,80,80,20,20,0.308251953125
0.1,64,endpoint_lira_fixed,endpoint_lira_fixed,0.518125,0.48726562500000004,0.55187890625,0.0375,0.0375,0.0625,80,80,20,20,0.308251953125
0.1,64,endpoint_lira_z,endpoint_lira_z,0.543125,0.527890625,0.5660937500000001,0.0625,0.1,0.075,80,80,20,20,0.308251953125
0.1,64,endpoint_rmia_a050_g100,endpoint_rmia_a050_g100,0.5446093750000001,0.52796484375,0.568515625,0.05,0.05,0.05,80,80,20,20,0.308251953125
0.1,64,endpoint_lira_selected,endpoint_lira_z,0.543125,0.527890625,0.5660937500000001,0.0625,0.1,0.075,80,80,20,20,0.308251953125
0.1,64,endpoint_rmia_selected,endpoint_rmia_a050_g100,0.5446093750000001,0.52796484375,0.568515625,0.05,0.05,0.05,80,80,20,20,0.308251953125
0.1,64,endpoint_best_selected,endpoint_lira_z,0.543125,0.527890625,0.5660937500000001,0.0625,0.1,0.075,80,80,20,20,0.308251953125
0.1,128,trajectory_mixture,trajectory_mixture,0.56296875,0.54125,0.5925195312500001,0.1125,0.025,0.0125,80,80,20,20,0.243310546875
0.1,128,trajectory_sum_llr,trajectory_sum_llr,0.5646875,0.5442109374999999,0.5979765625,0.075,0.05,0.025,80,80,20,20,0.243310546875
0.1,128,trajectory_raw_alignment,trajectory_raw_alignment,0.56203125,0.54577734375,0.5878203125,0.075,0.0,0.0,80,80,20,20,0.243310546875
0.1,128,endpoint_loss,endpoint_loss,0.535625,0.52171875,0.55719140625,0.0875,0.0875,0.0875,80,80,20,20,0.243310546875
0.1,128,endpoint_lira_fixed,endpoint_lira_fixed,0.48453124999999997,0.45687109374999996,0.51140625,0.0375,0.1,0.0875,80,80,20,20,0.243310546875
0.1,128,endpoint_lira_z,endpoint_lira_z,0.53671875,0.52109375,0.5587617187499999,0.0875,0.0375,0.025,80,80,20,20,0.243310546875
0.1,128,endpoint_rmia_a050_g100,endpoint_rmia_a050_g100,0.529140625,0.5163261718750001,0.54812890625,0.0625,0.0625,0.05,80,80,20,20,0.243310546875
0.1,128,endpoint_lira_selected,endpoint_lira_z,0.53671875,0.52109375,0.5587617187499999,0.0875,0.0375,0.025,80,80,20,20,0.243310546875
0.1,128,endpoint_rmia_selected,endpoint_rmia_a000_g105,0.5309375,0.519140625,0.549453125,0.0375,0.0625,0.0625,80,80,20,20,0.243310546875
0.1,128,endpoint_best_selected,endpoint_loss,0.535625,0.52171875,0.55719140625,0.0875,0.0875,0.0875,80,80,20,20,0.243310546875
