sigma,cohort,method,metric,mean,ci_low,ci_high,runs
1.0,low,nasr_dot,correct,14.875,12.625,17.375,8
1.0,low,nasr_dot,auc,0.4738000521476089,0.4153302732502087,0.5417021314481917,8
1.0,low,nasr_dot,epsilon_lower_paper,0.0,0.0,0.0,8
1.0,low,nasr_dot,within_abs_cosine,0.6282892003655434,0.6226891921833158,0.6342230185866355,8
1.0,low,nasr_dot,all_abs_cosine,0.40346573293209076,0.3996613955125213,0.40680083595216276,8
1.0,low,nasr_dot,effective_rank,3.9354925134465057,3.8886862398144117,3.990540406672955,8
1.0,low,centered_dot,correct,16.875,15.125,18.625,8
1.0,low,centered_dot,auc,0.5166632869574992,0.4744028184944424,0.5546599443666191,8
1.0,low,centered_dot,epsilon_lower_paper,0.0,0.0,0.0,8
1.0,low,centered_dot,within_abs_cosine,0.6282892003655434,0.6226891921833158,0.6342230185866355,8
1.0,low,centered_dot,all_abs_cosine,0.40346573293209076,0.3996613955125213,0.40680083595216276,8
1.0,low,centered_dot,effective_rank,3.9354925134465057,3.8886862398144117,3.990540406672955,8
1.0,low,gaussian_mixture,correct,16.25,14.875,17.875,8
1.0,low,gaussian_mixture,auc,0.5186199199918687,0.4856871355831302,0.5551574957966426,8
1.0,low,gaussian_mixture,epsilon_lower_paper,0.0,0.0,0.0,8
1.0,low,gaussian_mixture,within_abs_cosine,0.6282892003655434,0.6226891921833158,0.6342230185866355,8
1.0,low,gaussian_mixture,all_abs_cosine,0.40346573293209076,0.3996613955125213,0.40680083595216276,8
1.0,low,gaussian_mixture,effective_rank,3.9354925134465057,3.8886862398144117,3.990540406672955,8
1.0,low,sparse,correct,16.5,14.5,18.5,8
1.0,low,sparse,auc,0.5173179495495809,0.4510748531579672,0.5727476241508136,8
1.0,low,sparse,epsilon_lower_paper,0.0,0.0,0.0,8
1.0,low,sparse,within_abs_cosine,0.6282892003655434,0.6226891921833158,0.6342230185866355,8
1.0,low,sparse,all_abs_cosine,0.40346573293209076,0.3996613955125213,0.40680083595216276,8
1.0,low,sparse,effective_rank,3.9354925134465057,3.8886862398144117,3.990540406672955,8
1.0,low,joint_trajectory,correct,17.375,15.0,19.5,8
1.0,low,joint_trajectory,auc,0.5265509520091538,0.4757635802796604,0.5731159174674985,8
1.0,low,joint_trajectory,epsilon_lower_paper,0.0,0.0,0.0,8
1.0,low,joint_trajectory,within_abs_cosine,0.6282892003655434,0.6226891921833158,0.6342230185866355,8
1.0,low,joint_trajectory,all_abs_cosine,0.40346573293209076,0.3996613955125213,0.40680083595216276,8
1.0,low,joint_trajectory,effective_rank,3.9354925134465057,3.8886862398144117,3.990540406672955,8
1.0,high,nasr_dot,correct,16.625,15.625,17.5,8
1.0,high,nasr_dot,auc,0.5161297891257117,0.4992350512287413,0.534648607883176,8
1.0,high,nasr_dot,epsilon_lower_paper,0.0,0.0,0.0,8
1.0,high,nasr_dot,within_abs_cosine,0.8589694425463676,0.8513628641143441,0.8666186794638634,8
1.0,high,nasr_dot,all_abs_cosine,0.48379942402243614,0.48008086904883385,0.48803430423140526,8
1.0,high,nasr_dot,effective_rank,2.5739618462006364,2.5448217864906404,2.604904444942955,8
1.0,high,centered_dot,correct,16.5,15.375,17.5,8
1.0,high,centered_dot,auc,0.516652009028972,0.4778827049953169,0.5560567393391753,8
1.0,high,centered_dot,epsilon_lower_paper,0.0,0.0,0.0,8
1.0,high,centered_dot,within_abs_cosine,0.8589694425463676,0.8513628641143441,0.8666186794638634,8
1.0,high,centered_dot,all_abs_cosine,0.48379942402243614,0.48008086904883385,0.48803430423140526,8
1.0,high,centered_dot,effective_rank,2.5739618462006364,2.5448217864906404,2.604904444942955,8
1.0,high,gaussian_mixture,correct,17.0,16.0,18.125,8
1.0,high,gaussian_mixture,auc,0.5101433740342661,0.48067130149120335,0.5469504810849904,8
1.0,high,gaussian_mixture,epsilon_lower_paper,0.0,0.0,0.0,8
1.0,high,gaussian_mixture,within_abs_cosine,0.8589694425463676,0.8513628641143441,0.8666186794638634,8
1.0,high,gaussian_mixture,all_abs_cosine,0.48379942402243614,0.48008086904883385,0.48803430423140526,8
1.0,high,gaussian_mixture,effective_rank,2.5739618462006364,2.5448217864906404,2.604904444942955,8
1.0,high,sparse,correct,18.625,17.0,20.125,8
1.0,high,sparse,auc,0.5564497787848737,0.5050804047109624,0.6080769651955128,8
1.0,high,sparse,epsilon_lower_paper,0.0,0.0,0.0,8
1.0,high,sparse,within_abs_cosine,0.8589694425463676,0.8513628641143441,0.8666186794638634,8
1.0,high,sparse,all_abs_cosine,0.48379942402243614,0.48008086904883385,0.48803430423140526,8
1.0,high,sparse,effective_rank,2.5739618462006364,2.5448217864906404,2.604904444942955,8
1.0,high,joint_trajectory,correct,19.0,17.25,20.75,8
1.0,high,joint_trajectory,auc,0.5747993985999453,0.5336961422427802,0.622799928847514,8
1.0,high,joint_trajectory,epsilon_lower_paper,0.0,0.0,0.0,8
1.0,high,joint_trajectory,within_abs_cosine,0.8589694425463676,0.8513628641143441,0.8666186794638634,8
1.0,high,joint_trajectory,all_abs_cosine,0.48379942402243614,0.48008086904883385,0.48803430423140526,8
1.0,high,joint_trajectory,effective_rank,2.5739618462006364,2.5448217864906404,2.604904444942955,8
2.0,low,nasr_dot,correct,15.0,13.0,17.375,8
2.0,low,nasr_dot,auc,0.4751174500264672,0.41556787874652035,0.5453693263407091,8
2.0,low,nasr_dot,epsilon_lower_paper,0.0,0.0,0.0,8
2.0,low,nasr_dot,within_abs_cosine,0.6282892003655434,0.6226891921833158,0.6342230185866355,8
2.0,low,nasr_dot,all_abs_cosine,0.40346573293209076,0.3996613955125213,0.40680083595216276,8
2.0,low,nasr_dot,effective_rank,3.9354925134465057,3.8886862398144117,3.990540406672955,8
2.0,low,centered_dot,correct,16.5,14.871875000000001,18.125,8
2.0,low,centered_dot,auc,0.5170548657368073,0.4687363349818465,0.5595544793296328,8
2.0,low,centered_dot,epsilon_lower_paper,0.0,0.0,0.0,8
2.0,low,centered_dot,within_abs_cosine,0.6282892003655434,0.6226891921833158,0.6342230185866355,8
2.0,low,centered_dot,all_abs_cosine,0.40346573293209076,0.3996613955125213,0.40680083595216276,8
2.0,low,centered_dot,effective_rank,3.9354925134465057,3.8886862398144117,3.990540406672955,8
2.0,low,gaussian_mixture,correct,16.75,14.875,18.753124999999955,8
2.0,low,gaussian_mixture,auc,0.5218431634284475,0.4772142026392451,0.564198506262386,8
2.0,low,gaussian_mixture,epsilon_lower_paper,0.0,0.0,0.0,8
2.0,low,gaussian_mixture,within_abs_cosine,0.6282892003655434,0.6226891921833158,0.6342230185866355,8
2.0,low,gaussian_mixture,all_abs_cosine,0.40346573293209076,0.3996613955125213,0.40680083595216276,8
2.0,low,gaussian_mixture,effective_rank,3.9354925134465057,3.8886862398144117,3.990540406672955,8
2.0,low,sparse,correct,16.5,14.0,18.75,8
2.0,low,sparse,auc,0.5102519292412862,0.4398257947067469,0.570650757429185,8
2.0,low,sparse,epsilon_lower_paper,0.0,0.0,0.0,8
2.0,low,sparse,within_abs_cosine,0.6282892003655434,0.6226891921833158,0.6342230185866355,8
2.0,low,sparse,all_abs_cosine,0.40346573293209076,0.3996613955125213,0.40680083595216276,8
2.0,low,sparse,effective_rank,3.9354925134465057,3.8886862398144117,3.990540406672955,8
2.0,low,joint_trajectory,correct,17.125,15.5,18.5,8
2.0,low,joint_trajectory,auc,0.5169864692411461,0.4699825520698655,0.5587916257387412,8
2.0,low,joint_trajectory,epsilon_lower_paper,0.0,0.0,0.0,8
2.0,low,joint_trajectory,within_abs_cosine,0.6282892003655434,0.6226891921833158,0.6342230185866355,8
2.0,low,joint_trajectory,all_abs_cosine,0.40346573293209076,0.3996613955125213,0.40680083595216276,8
2.0,low,joint_trajectory,effective_rank,3.9354925134465057,3.8886862398144117,3.990540406672955,8
2.0,high,nasr_dot,correct,16.375,15.75,17.0,8
2.0,high,nasr_dot,auc,0.5191325526712189,0.5016463789895212,0.5375947076190402,8
2.0,high,nasr_dot,epsilon_lower_paper,0.0,0.0,0.0,8
2.0,high,nasr_dot,within_abs_cosine,0.8589694425463676,0.8513628641143441,0.8666186794638634,8
2.0,high,nasr_dot,all_abs_cosine,0.48379942402243614,0.48008086904883385,0.48803430423140526,8
2.0,high,nasr_dot,effective_rank,2.5739618462006364,2.5448217864906404,2.604904444942955,8
2.0,high,centered_dot,correct,17.0,15.746875000000001,18.25,8
2.0,high,centered_dot,auc,0.5229207149172406,0.48224828413837484,0.5631726616079379,8
2.0,high,centered_dot,epsilon_lower_paper,0.0,0.0,0.0,8
2.0,high,centered_dot,within_abs_cosine,0.8589694425463676,0.8513628641143441,0.8666186794638634,8
2.0,high,centered_dot,all_abs_cosine,0.48379942402243614,0.48008086904883385,0.48803430423140526,8
2.0,high,centered_dot,effective_rank,2.5739618462006364,2.5448217864906404,2.604904444942955,8
2.0,high,gaussian_mixture,correct,16.625,15.375,18.0,8
2.0,high,gaussian_mixture,auc,0.5177104597464169,0.4822650408492692,0.5556531413816784,8
2.0,high,gaussian_mixture,epsilon_lower_paper,0.0,0.0,0.0,8
2.0,high,gaussian_mixture,within_abs_cosine,0.8589694425463676,0.8513628641143441,0.8666186794638634,8
2.0,high,gaussian_mixture,all_abs_cosine,0.48379942402243614,0.48008086904883385,0.48803430423140526,8
2.0,high,gaussian_mixture,effective_rank,2.5739618462006364,2.5448217864906404,2.604904444942955,8
2.0,high,sparse,correct,18.375,15.875,20.75,8
2.0,high,sparse,auc,0.5608531466295781,0.4980317179218054,0.6260282541394345,8
2.0,high,sparse,epsilon_lower_paper,0.0,0.0,0.0,8
2.0,high,sparse,within_abs_cosine,0.8589694425463676,0.8513628641143441,0.8666186794638634,8
2.0,high,sparse,all_abs_cosine,0.48379942402243614,0.48008086904883385,0.48803430423140526,8
2.0,high,sparse,effective_rank,2.5739618462006364,2.5448217864906404,2.604904444942955,8
2.0,high,joint_trajectory,correct,19.75,18.0,21.625,8
2.0,high,joint_trajectory,auc,0.575845857914673,0.528087068746837,0.627657556291558,8
2.0,high,joint_trajectory,epsilon_lower_paper,0.016418724411566322,0.0,0.04925617323469897,8
2.0,high,joint_trajectory,within_abs_cosine,0.8589694425463676,0.8513628641143441,0.8666186794638634,8
2.0,high,joint_trajectory,all_abs_cosine,0.48379942402243614,0.48008086904883385,0.48803430423140526,8
2.0,high,joint_trajectory,effective_rank,2.5739618462006364,2.5448217864906404,2.604904444942955,8
