seed,q,distribution,sigma,family,endpoint_method,trajectory_method,selected_trajectory_weight,selected_endpoint_weight,calibration_auc,heldout_auc,equal_weight_heldout_auc,endpoint_heldout_auc,calibration_clients,heldout_clients
20261011,0.02,natural_writer,2.0,lira,lira_calibrated,gaussproof_mean,0.0,1.0,0.5153846153846153,0.509493670886076,0.5115506329113924,0.509493670886076,40,80
20261011,0.02,natural_writer,2.0,rmia,rmia_calibrated,gaussproof_mean,0.0,1.0,0.5189102564102565,0.5101265822784811,0.5088607594936709,0.5101265822784811,40,80
20261011,0.02,natural_writer,4.0,lira,lira_calibrated,gaussproof_mean,0.0,1.0,0.5083333333333333,0.5049050632911393,0.5041139240506329,0.5049050632911393,40,80
20261011,0.02,natural_writer,4.0,rmia,rmia_calibrated,gaussproof_mean,0.0,1.0,0.5108974358974359,0.5058544303797469,0.5042721518987342,0.5058544303797469,40,80
20261011,0.1,natural_writer,2.0,lira,lira_calibrated,gaussproof_mean,0.5,0.5,0.5615384615384615,0.5534810126582278,0.5534810126582278,0.545253164556962,40,80
20261011,0.1,natural_writer,2.0,rmia,rmia_calibrated,gaussproof_mean,0.25,0.75,0.5673076923076923,0.5533227848101265,0.5615506329113924,0.5473101265822785,40,80
20261011,0.1,natural_writer,4.0,lira,lira_calibrated,gaussproof_mean,0.25,0.75,0.5397435897435897,0.5330696202531645,0.5376582278481012,0.525,40,80
20261011,0.1,natural_writer,4.0,rmia,rmia_calibrated,gaussproof_mean,0.5,0.5,0.5435897435897435,0.5397151898734177,0.5397151898734177,0.5231012658227848,40,80
20261011,0.5,natural_writer,2.0,lira,lira_calibrated,gaussproof_mean,0.5,0.5,0.7858974358974359,0.6871835443037975,0.6871835443037975,0.7131329113924051,40,80
20261011,0.5,natural_writer,2.0,rmia,rmia_calibrated,gaussproof_mean,0.5,0.5,0.8083333333333333,0.6887658227848101,0.6887658227848101,0.7199367088607594,40,80
20261011,0.5,natural_writer,4.0,lira,lira_calibrated,gaussproof_mean,0.5,0.5,0.6724358974358975,0.6376582278481012,0.6376582278481012,0.6268987341772152,40,80
20261011,0.5,natural_writer,4.0,rmia,rmia_calibrated,gaussproof_mean,0.5,0.5,0.683974358974359,0.6356012658227848,0.6356012658227848,0.614240506329114,40,80
20261013,0.02,natural_writer,2.0,lira,lira_calibrated,gaussproof_mean,0.0,1.0,0.5134615384615384,0.5091772151898735,0.5083860759493671,0.5091772151898735,40,80
20261013,0.02,natural_writer,2.0,rmia,rmia_calibrated,gaussproof_mean,0.25,0.75,0.5096153846153846,0.5090189873417722,0.5090189873417722,0.5077531645569621,40,80
20261013,0.02,natural_writer,4.0,lira,lira_calibrated,gaussproof_mean,0.25,0.75,0.5076923076923077,0.5058544303797469,0.5069620253164557,0.5039556962025317,40,80
20261013,0.02,natural_writer,4.0,rmia,rmia_calibrated,gaussproof_mean,0.0,1.0,0.5083333333333333,0.5039556962025317,0.5069620253164557,0.5039556962025317,40,80
20261013,0.1,natural_writer,2.0,lira,lira_calibrated,gaussproof_mean,0.0,1.0,0.5378205128205128,0.5511075949367089,0.553006329113924,0.5511075949367089,40,80
20261013,0.1,natural_writer,2.0,rmia,rmia_calibrated,gaussproof_mean,0.5,0.5,0.5480769230769231,0.5525316455696202,0.5525316455696202,0.551740506329114,40,80
20261013,0.1,natural_writer,4.0,lira,lira_calibrated,gaussproof_mean,0.5,0.5,0.5262820512820513,0.5349683544303797,0.5349683544303797,0.5245253164556962,40,80
20261013,0.1,natural_writer,4.0,rmia,rmia_calibrated,gaussproof_mean,0.0,1.0,0.5326923076923077,0.5197784810126582,0.5278481012658228,0.5197784810126582,40,80
20261013,0.5,natural_writer,2.0,lira,lira_calibrated,gaussproof_mean,0.25,0.75,0.6717948717948717,0.7175632911392406,0.7194620253164556,0.6977848101265823,40,80
20261013,0.5,natural_writer,2.0,rmia,rmia_calibrated,gaussproof_mean,0.25,0.75,0.6897435897435897,0.6976265822784811,0.6905063291139241,0.682753164556962,40,80
20261013,0.5,natural_writer,4.0,lira,lira_calibrated,gaussproof_mean,0.75,0.25,0.6269230769230769,0.6359177215189873,0.6579113924050632,0.6102848101265823,40,80
20261013,0.5,natural_writer,4.0,rmia,rmia_calibrated,gaussproof_mean,0.25,0.75,0.642948717948718,0.6457278481012658,0.6544303797468355,0.6216772151898734,40,80
20261017,0.02,natural_writer,2.0,lira,lira_calibrated,gaussproof_mean,0.25,0.75,0.5166666666666667,0.509493670886076,0.5079113924050633,0.5106012658227848,40,80
20261017,0.02,natural_writer,2.0,rmia,rmia_calibrated,gaussproof_mean,0.25,0.75,0.5185897435897436,0.5115506329113924,0.509493670886076,0.5119462025316456,40,80
20261017,0.02,natural_writer,4.0,lira,lira_calibrated,gaussproof_mean,1.0,0.0,0.5233974358974359,0.501503164556962,0.5039556962025317,0.504746835443038,40,80
20261017,0.02,natural_writer,4.0,rmia,rmia_calibrated,gaussproof_mean,1.0,0.0,0.5233974358974359,0.501503164556962,0.5037974683544304,0.504746835443038,40,80
20261017,0.1,natural_writer,2.0,lira,lira_calibrated,gaussproof_mean,0.75,0.25,0.5493589743589744,0.5433544303797468,0.5533227848101265,0.5462025316455696,40,80
20261017,0.1,natural_writer,2.0,rmia,rmia_calibrated,gaussproof_mean,0.0,1.0,0.5544871794871795,0.5489715189873418,0.5539556962025316,0.5489715189873418,40,80
20261017,0.1,natural_writer,4.0,lira,lira_calibrated,gaussproof_mean,0.25,0.75,0.5371794871794872,0.5261075949367089,0.5286392405063292,0.5212025316455696,40,80
20261017,0.1,natural_writer,4.0,rmia,rmia_calibrated,gaussproof_mean,0.5,0.5,0.5442307692307692,0.5325949367088607,0.5325949367088607,0.5268987341772152,40,80
20261017,0.5,natural_writer,2.0,lira,lira_calibrated,gaussproof_mean,0.25,0.75,0.6891025641025641,0.6924050632911393,0.6838607594936709,0.6840189873417721,40,80
20261017,0.5,natural_writer,2.0,rmia,rmia_calibrated,gaussproof_mean,0.25,0.75,0.6923076923076923,0.6968354430379747,0.6941455696202532,0.6815664556962026,40,80
20261017,0.5,natural_writer,4.0,lira,lira_calibrated,gaussproof_mean,0.25,0.75,0.6166666666666667,0.6268987341772152,0.6196202531645569,0.6213607594936709,40,80
20261017,0.5,natural_writer,4.0,rmia,rmia_calibrated,gaussproof_mean,0.0,1.0,0.625,0.6225474683544304,0.6444620253164557,0.6225474683544304,40,80
