q,sigma,comparison,mean_auc_gain,min_auc_gain,max_auc_gain,positive_seeds
0.02,2.0,hybrid_equal_lira_minus_lira_calibrated,-0.0004746835443038,-0.0026898734177214223,0.0020569620253163556,1
0.02,2.0,hybrid_equal_rmia_minus_rmia_calibrated,-0.0008175105485231926,-0.002452531645569578,0.0012658227848101333,1
0.02,4.0,hybrid_equal_lira_minus_lira_calibrated,0.0004746835443038,-0.0007911392405063333,0.0030063291139240667,1
0.02,4.0,hybrid_equal_rmia_minus_rmia_calibrated,0.00015822784810126667,-0.0015822784810126667,0.0030063291139240667,1
0.1,2.0,hybrid_equal_lira_minus_lira_calibrated,0.005748945147679245,0.001898734177215089,0.008227848101265756,3
0.1,2.0,hybrid_equal_rmia_minus_rmia_calibrated,0.0066719409282699855,0.0007911392405062223,0.014240506329113889,3
0.1,4.0,hybrid_equal_lira_minus_lira_calibrated,0.010179324894514749,0.007436708860759533,0.012658227848101222,3
0.1,4.0,hybrid_equal_rmia_minus_rmia_calibrated,0.010126582278480992,0.005696202531645489,0.01661392405063289,3
0.5,2.0,hybrid_equal_lira_minus_lira_calibrated,-0.0014767932489451925,-0.025949367088607622,0.02167721518987331,1
0.5,2.0,hybrid_equal_rmia_minus_rmia_calibrated,-0.0036128691983122,-0.03117088607594931,0.012579113924050644,2
0.5,4.0,hybrid_equal_lira_minus_lira_calibrated,0.01888185654008434,-0.0017405063291139333,0.04762658227848093,2
0.5,4.0,hybrid_equal_rmia_minus_rmia_calibrated,0.025342827004219377,0.021360759493670778,0.03275316455696209,3
