sigma,method,auc,positive_mean,negative_mean
0.25,sequence_llr,0.9462890625,115.68387669324875,-3.5061587393283844
0.25,sequence_projection,0.9462890625,1.9113073479384184,1.0196177996695042
0.25,max_llr,0.787109375,34.64112085103989,24.13557133078575
0.25,last_llr,0.6123046875,9.449669316411018,2.5285052359104156
1.0,sequence_llr,0.8642578125,6.957852564752102,-1.50294029712677
1.0,sequence_projection,0.86328125,1.8768448121845722,0.8628565855324268
1.0,max_llr,0.744140625,2.7696434557437897,2.1407706271857023
1.0,last_llr,0.62109375,0.4123114859685302,-0.16208970360457897
4.0,sequence_llr,0.646484375,0.26329701486974955,-0.17892182944342494
4.0,sequence_projection,0.6484375,1.540317114442587,0.6781251318752766
4.0,max_llr,0.5625,0.4758853889070451,0.44065327185671777
4.0,last_llr,0.53125,0.05467710754601285,0.02630218828562647
