sigma,seed,method,canaries,included,guesses,correct,guess_accuracy,auc,epsilon_lower_paper,epsilon_lower_conservative,familywise_alpha,per_test_alpha,delta,mean_active_per_round,utility,repetition
1.0,20261201,nasr_dot,64,39,32,16,0.5,0.5107692307692309,0.0,0.0,0.05,0.01,1e-05,1.18359375,0.6328125,0
1.0,20261201,centered_dot,64,39,32,18,0.5625,0.5835897435897437,0.0,0.0,0.05,0.01,1e-05,1.18359375,0.6328125,0
1.0,20261201,gaussian_mixture,64,39,32,19,0.59375,0.5866666666666667,0.0,0.0,0.05,0.01,1e-05,1.18359375,0.6328125,0
1.0,20261201,sparse,64,39,32,21,0.65625,0.6461538461538462,0.0,0.0,0.05,0.01,1e-05,1.18359375,0.6328125,0
1.0,20261201,joint_trajectory,64,39,32,20,0.625,0.6102564102564103,0.0,0.0,0.05,0.01,1e-05,1.18359375,0.6328125,0
4.0,20261201,nasr_dot,64,39,32,16,0.5,0.5015384615384615,0.0,0.0,0.05,0.01,1e-05,1.18359375,0.6171875,0
4.0,20261201,centered_dot,64,39,32,18,0.5625,0.5630769230769231,0.0,0.0,0.05,0.01,1e-05,1.18359375,0.6171875,0
4.0,20261201,gaussian_mixture,64,39,32,18,0.5625,0.5641025641025641,0.0,0.0,0.05,0.01,1e-05,1.18359375,0.6171875,0
4.0,20261201,sparse,64,39,32,21,0.65625,0.6266666666666667,0.0,0.0,0.05,0.01,1e-05,1.18359375,0.6171875,0
4.0,20261201,joint_trajectory,64,39,32,18,0.5625,0.5651282051282052,0.0,0.0,0.05,0.01,1e-05,1.18359375,0.6171875,0
1.0,20261202,nasr_dot,64,38,32,15,0.46875,0.47469635627530365,0.0,0.0,0.05,0.01,1e-05,1.162109375,0.625,1
1.0,20261202,centered_dot,64,38,32,18,0.5625,0.5546558704453441,0.0,0.0,0.05,0.01,1e-05,1.162109375,0.625,1
1.0,20261202,gaussian_mixture,64,38,32,16,0.5,0.4989878542510121,0.0,0.0,0.05,0.01,1e-05,1.162109375,0.625,1
1.0,20261202,sparse,64,38,32,18,0.5625,0.5941295546558705,0.0,0.0,0.05,0.01,1e-05,1.162109375,0.625,1
1.0,20261202,joint_trajectory,64,38,32,16,0.5,0.5151821862348178,0.0,0.0,0.05,0.01,1e-05,1.162109375,0.625,1
4.0,20261202,nasr_dot,64,38,32,16,0.5,0.4807692307692308,0.0,0.0,0.05,0.01,1e-05,1.162109375,0.5859375,1
4.0,20261202,centered_dot,64,38,32,17,0.53125,0.5546558704453441,0.0,0.0,0.05,0.01,1e-05,1.162109375,0.5859375,1
4.0,20261202,gaussian_mixture,64,38,32,18,0.5625,0.5566801619433198,0.0,0.0,0.05,0.01,1e-05,1.162109375,0.5859375,1
4.0,20261202,sparse,64,38,32,18,0.5625,0.6062753036437247,0.0,0.0,0.05,0.01,1e-05,1.162109375,0.5859375,1
4.0,20261202,joint_trajectory,64,38,32,18,0.5625,0.5759109311740891,0.0,0.0,0.05,0.01,1e-05,1.162109375,0.5859375,1
1.0,20261203,nasr_dot,64,28,32,18,0.5625,0.5238095238095237,0.0,0.0,0.05,0.01,1e-05,0.814453125,0.609375,2
1.0,20261203,centered_dot,64,28,32,21,0.65625,0.5773809523809523,0.0,0.0,0.05,0.01,1e-05,0.814453125,0.609375,2
1.0,20261203,gaussian_mixture,64,28,32,19,0.59375,0.5734126984126984,0.0,0.0,0.05,0.01,1e-05,0.814453125,0.609375,2
1.0,20261203,sparse,64,28,32,18,0.5625,0.5416666666666667,0.0,0.0,0.05,0.01,1e-05,0.814453125,0.609375,2
1.0,20261203,joint_trajectory,64,28,32,19,0.59375,0.5783730158730158,0.0,0.0,0.05,0.01,1e-05,0.814453125,0.609375,2
4.0,20261203,nasr_dot,64,28,32,15,0.46875,0.5119047619047619,0.0,0.0,0.05,0.01,1e-05,0.814453125,0.609375,2
4.0,20261203,centered_dot,64,28,32,18,0.5625,0.5684523809523809,0.0,0.0,0.05,0.01,1e-05,0.814453125,0.609375,2
4.0,20261203,gaussian_mixture,64,28,32,19,0.59375,0.5565476190476191,0.0,0.0,0.05,0.01,1e-05,0.814453125,0.609375,2
4.0,20261203,sparse,64,28,32,18,0.5625,0.5317460317460317,0.0,0.0,0.05,0.01,1e-05,0.814453125,0.609375,2
4.0,20261203,joint_trajectory,64,28,32,20,0.625,0.5595238095238095,0.0,0.0,0.05,0.01,1e-05,0.814453125,0.609375,2
1.0,20261204,nasr_dot,64,32,32,19,0.59375,0.576171875,0.0,0.0,0.05,0.01,1e-05,0.93359375,0.6328125,3
1.0,20261204,centered_dot,64,32,32,15,0.46875,0.4443359375,0.0,0.0,0.05,0.01,1e-05,0.93359375,0.6328125,3
1.0,20261204,gaussian_mixture,64,32,32,13,0.40625,0.4462890625,0.0,0.0,0.05,0.01,1e-05,0.93359375,0.6328125,3
1.0,20261204,sparse,64,32,32,16,0.5,0.509765625,0.0,0.0,0.05,0.01,1e-05,0.93359375,0.6328125,3
1.0,20261204,joint_trajectory,64,32,32,14,0.4375,0.466796875,0.0,0.0,0.05,0.01,1e-05,0.93359375,0.6328125,3
4.0,20261204,nasr_dot,64,32,32,17,0.53125,0.5556640625,0.0,0.0,0.05,0.01,1e-05,0.93359375,0.6171875,3
4.0,20261204,centered_dot,64,32,32,15,0.46875,0.439453125,0.0,0.0,0.05,0.01,1e-05,0.93359375,0.6171875,3
4.0,20261204,gaussian_mixture,64,32,32,16,0.5,0.4365234375,0.0,0.0,0.05,0.01,1e-05,0.93359375,0.6171875,3
4.0,20261204,sparse,64,32,32,15,0.46875,0.4921875,0.0,0.0,0.05,0.01,1e-05,0.93359375,0.6171875,3
4.0,20261204,joint_trajectory,64,32,32,15,0.46875,0.4423828125,0.0,0.0,0.05,0.01,1e-05,0.93359375,0.6171875,3
1.0,20261205,nasr_dot,64,37,32,15,0.46875,0.49549549549549554,0.0,0.0,0.05,0.01,1e-05,1.177734375,0.6171875,4
1.0,20261205,centered_dot,64,37,32,15,0.46875,0.4814814814814815,0.0,0.0,0.05,0.01,1e-05,1.177734375,0.6171875,4
1.0,20261205,gaussian_mixture,64,37,32,16,0.5,0.47747747747747754,0.0,0.0,0.05,0.01,1e-05,1.177734375,0.6171875,4
1.0,20261205,sparse,64,37,32,12,0.375,0.4084084084084084,0.0,0.0,0.05,0.01,1e-05,1.177734375,0.6171875,4
1.0,20261205,joint_trajectory,64,37,32,15,0.46875,0.4704704704704705,0.0,0.0,0.05,0.01,1e-05,1.177734375,0.6171875,4
4.0,20261205,nasr_dot,64,37,32,14,0.4375,0.4364364364364365,0.0,0.0,0.05,0.01,1e-05,1.177734375,0.6015625,4
4.0,20261205,centered_dot,64,37,32,15,0.46875,0.4524524524524525,0.0,0.0,0.05,0.01,1e-05,1.177734375,0.6015625,4
4.0,20261205,gaussian_mixture,64,37,32,16,0.5,0.45345345345345356,0.0,0.0,0.05,0.01,1e-05,1.177734375,0.6015625,4
4.0,20261205,sparse,64,37,32,12,0.375,0.39739739739739743,0.0,0.0,0.05,0.01,1e-05,1.177734375,0.6015625,4
4.0,20261205,joint_trajectory,64,37,32,15,0.46875,0.4444444444444445,0.0,0.0,0.05,0.01,1e-05,1.177734375,0.6015625,4
1.0,20261206,nasr_dot,64,34,32,19,0.59375,0.6029411764705882,0.0,0.0,0.05,0.01,1e-05,0.994140625,0.640625,5
1.0,20261206,centered_dot,64,34,32,17,0.53125,0.5058823529411764,0.0,0.0,0.05,0.01,1e-05,0.994140625,0.640625,5
1.0,20261206,gaussian_mixture,64,34,32,14,0.4375,0.4862745098039215,0.0,0.0,0.05,0.01,1e-05,0.994140625,0.640625,5
1.0,20261206,sparse,64,34,32,12,0.375,0.45098039215686275,0.0,0.0,0.05,0.01,1e-05,0.994140625,0.640625,5
1.0,20261206,joint_trajectory,64,34,32,13,0.40625,0.4725490196078431,0.0,0.0,0.05,0.01,1e-05,0.994140625,0.640625,5
4.0,20261206,nasr_dot,64,34,32,18,0.5625,0.5127450980392156,0.0,0.0,0.05,0.01,1e-05,0.994140625,0.6484375,5
4.0,20261206,centered_dot,64,34,32,14,0.4375,0.4715686274509804,0.0,0.0,0.05,0.01,1e-05,0.994140625,0.6484375,5
4.0,20261206,gaussian_mixture,64,34,32,15,0.46875,0.4784313725490196,0.0,0.0,0.05,0.01,1e-05,0.994140625,0.6484375,5
4.0,20261206,sparse,64,34,32,14,0.4375,0.4147058823529412,0.0,0.0,0.05,0.01,1e-05,0.994140625,0.6484375,5
4.0,20261206,joint_trajectory,64,34,32,14,0.4375,0.4784313725490196,0.0,0.0,0.05,0.01,1e-05,0.994140625,0.6484375,5
1.0,20261207,nasr_dot,64,30,32,19,0.59375,0.5696078431372549,0.0,0.0,0.05,0.01,1e-05,0.888671875,0.625,6
1.0,20261207,centered_dot,64,30,32,18,0.5625,0.596078431372549,0.0,0.0,0.05,0.01,1e-05,0.888671875,0.625,6
1.0,20261207,gaussian_mixture,64,30,32,20,0.625,0.5960784313725491,0.0,0.0,0.05,0.01,1e-05,0.888671875,0.625,6
1.0,20261207,sparse,64,30,32,19,0.59375,0.5715686274509804,0.0,0.0,0.05,0.01,1e-05,0.888671875,0.625,6
1.0,20261207,joint_trajectory,64,30,32,19,0.59375,0.6000000000000001,0.0,0.0,0.05,0.01,1e-05,0.888671875,0.625,6
4.0,20261207,nasr_dot,64,30,32,19,0.59375,0.6078431372549019,0.0,0.0,0.05,0.01,1e-05,0.888671875,0.6484375,6
4.0,20261207,centered_dot,64,30,32,19,0.59375,0.5980392156862745,0.0,0.0,0.05,0.01,1e-05,0.888671875,0.6484375,6
4.0,20261207,gaussian_mixture,64,30,32,18,0.5625,0.5823529411764705,0.0,0.0,0.05,0.01,1e-05,0.888671875,0.6484375,6
4.0,20261207,sparse,64,30,32,19,0.59375,0.557843137254902,0.0,0.0,0.05,0.01,1e-05,0.888671875,0.6484375,6
4.0,20261207,joint_trajectory,64,30,32,18,0.5625,0.5715686274509804,0.0,0.0,0.05,0.01,1e-05,0.888671875,0.6484375,6
1.0,20261208,nasr_dot,64,30,32,13,0.40625,0.4323529411764706,0.0,0.0,0.05,0.01,1e-05,0.96484375,0.640625,7
1.0,20261208,centered_dot,64,30,32,14,0.4375,0.4411764705882353,0.0,0.0,0.05,0.01,1e-05,0.96484375,0.640625,7
1.0,20261208,gaussian_mixture,64,30,32,14,0.4375,0.42843137254901964,0.0,0.0,0.05,0.01,1e-05,0.96484375,0.640625,7
1.0,20261208,sparse,64,30,32,19,0.59375,0.5343137254901962,0.0,0.0,0.05,0.01,1e-05,0.96484375,0.640625,7
1.0,20261208,joint_trajectory,64,30,32,13,0.40625,0.42352941176470593,0.0,0.0,0.05,0.01,1e-05,0.96484375,0.640625,7
4.0,20261208,nasr_dot,64,30,32,11,0.34375,0.40980392156862744,0.0,0.0,0.05,0.01,1e-05,0.96484375,0.6640625,7
4.0,20261208,centered_dot,64,30,32,15,0.46875,0.4294117647058823,0.0,0.0,0.05,0.01,1e-05,0.96484375,0.6640625,7
4.0,20261208,gaussian_mixture,64,30,32,16,0.5,0.4372549019607843,0.0,0.0,0.05,0.01,1e-05,0.96484375,0.6640625,7
4.0,20261208,sparse,64,30,32,16,0.5,0.5490196078431373,0.0,0.0,0.05,0.01,1e-05,0.96484375,0.6640625,7
4.0,20261208,joint_trajectory,64,30,32,15,0.46875,0.4362745098039216,0.0,0.0,0.05,0.01,1e-05,0.96484375,0.6640625,7
