q,steps,trajectory,endpoint,calibration_selected_trajectory_weight,fusion_auc,endpoint_auc,auc_gain,gain_ci_low,gain_ci_high,lira_z_auc,gain_vs_lira,gain_vs_lira_ci_low,gain_vs_lira_ci_high,calibration_identities,holdout_identities
0.5,64,trajectory_mixture,endpoint_lira_z,0.0,0.76359375,0.76359375,0.0,0.0,0.0,0.76359375,0.0,0.0,0.0,20,80
0.5,64,trajectory_raw_alignment,endpoint_lira_z,0.75,0.77234375,0.76359375,0.008750000000000036,-0.012656249999999819,0.028761718750000047,0.76359375,0.008750000000000036,-0.012656249999999819,0.028761718750000047,20,80
0.5,64,trajectory_mixture,endpoint_rmia_a100_g100,0.1,0.755,0.7485156249999999,0.006484375000000098,0.0010136718750000718,0.012968749999999973,0.76359375,-0.008593749999999956,-0.02828906250000003,0.012660156250000033,20,80
0.5,64,trajectory_raw_alignment,endpoint_rmia_a100_g100,0.75,0.77703125,0.7485156249999999,0.028515625000000044,0.0011679687499999345,0.05843945312500014,0.76359375,0.013437499999999991,-0.0067226562500001,0.03375000000000006,20,80
0.5,128,trajectory_mixture,endpoint_lira_z,0.0,0.8304687500000001,0.8304687500000001,0.0,0.0,0.0,0.8304687500000001,0.0,0.0,0.0,20,80
0.5,128,trajectory_raw_alignment,endpoint_lira_z,0.1,0.8346874999999999,0.8304687500000001,0.004218749999999827,-0.0010937500000000044,0.009531249999999884,0.8304687500000001,0.004218749999999827,-0.0010937500000000044,0.009531249999999884,20,80
0.5,128,trajectory_mixture,endpoint_rmia_a100_g105,0.35000000000000003,0.8028124999999999,0.782265625,0.020546874999999964,0.006794921874999929,0.03500390625000003,0.8304687500000001,-0.02765625000000016,-0.05188281249999989,-0.0024960937500000595,20,80
0.5,128,trajectory_raw_alignment,endpoint_rmia_a100_g105,0.55,0.8432812499999999,0.782265625,0.06101562499999991,0.03390234375000003,0.08945507812500002,0.8304687500000001,0.012812499999999782,-0.005941406250000036,0.029531250000000012,20,80
0.1,64,trajectory_mixture,endpoint_lira_z,0.8,0.5690625,0.57625,-0.007187500000000013,-0.024999999999999918,0.009691406250000062,0.57625,-0.007187500000000013,-0.024999999999999918,0.009691406250000062,20,80
0.1,64,trajectory_raw_alignment,endpoint_lira_z,0.35000000000000003,0.57734375,0.57625,0.0010937500000000044,-0.007820312499999997,0.011882812499999966,0.57625,0.0010937500000000044,-0.007820312499999997,0.011882812499999966,20,80
0.1,64,trajectory_mixture,endpoint_rmia_a100_g100,0.25,0.57609375,0.573671875,0.0024218749999999067,-0.0049238281249999625,0.011093749999999906,0.57625,-0.00015625000000007994,-0.017187499999999915,0.015312499999999844,20,80
0.1,64,trajectory_raw_alignment,endpoint_rmia_a100_g100,0.0,0.573671875,0.573671875,0.0,0.0,0.0,0.57625,-0.0025781249999999867,-0.019613281250000038,0.013439453124999988,20,80
0.1,128,trajectory_mixture,endpoint_lira_z,0.25,0.5809375,0.5800000000000001,0.0009374999999999245,-0.005628906250000098,0.008128906250000045,0.5800000000000001,0.0009374999999999245,-0.005628906250000098,0.008128906250000045,20,80
0.1,128,trajectory_raw_alignment,endpoint_lira_z,0.15000000000000002,0.58265625,0.5800000000000001,0.0026562499999999156,-0.0026601562500001338,0.008437499999999987,0.5800000000000001,0.0026562499999999156,-0.0026601562500001338,0.008437499999999987,20,80
0.1,128,trajectory_mixture,endpoint_rmia_a100_g100,0.45,0.58046875,0.5747656249999998,0.005703125000000142,-0.005234374999999905,0.01742187500000003,0.5800000000000001,0.00046874999999990674,-0.01703515625000016,0.017968749999999867,20,80
0.1,128,trajectory_raw_alignment,endpoint_rmia_a100_g100,0.65,0.5853125,0.5747656249999998,0.010546875000000178,-0.006718749999999776,0.027816406250000016,0.5800000000000001,0.005312499999999942,-0.006414062499999945,0.018749999999999933,20,80
