distribution,background,steps,method,evaluation_identities,trials,mean_utility,mean_appearances,raw_mse,background_mse,posterior_mse,oracle_mse,gradient_mse,top1,top1_ci_low,top1_ci_high,top5,top5_ci_low,top5_ci_high,mrr,mrr_ci_low,mrr_ci_high,same_class_top1,same_class_top1_ci_low,same_class_top1_ci_high,top1_gain_vs_selected_baseline,top1_gain_ci_low,top1_gain_ci_high
balanced,matched,64,alignment,20,40,0.646875,31.65,3310.478157711029,0.13404001956309758,0.1319523629863434,0.1252116373207133,nan,0.15,0.05,0.275,0.325,0.2,0.45,0.2728683068796499,0.1789730617008521,0.38014485102264134,0.425,0.275,0.575,0.0,0.0,0.0
balanced,matched,64,gaussian_llr,20,40,0.646875,31.65,3310.478157711029,0.13404001956309758,0.1319523629863434,0.1252116373207133,nan,0.125,0.025,0.25,0.35,0.225,0.475,0.26651887743482566,0.17977787215179458,0.3649405875494237,0.45,0.3,0.6,-0.025,-0.075,0.0
balanced,matched,64,mixture_llr,20,40,0.646875,31.65,3310.478157711029,0.13404001956309758,0.1319523629863434,0.1252116373207133,nan,0.15,0.05,0.275,0.35,0.225,0.475,0.2727056223419654,0.17853100057018503,0.3793069641105768,0.45,0.275,0.625,0.0,0.0,0.0
balanced,matched,64,sparse_0,20,40,0.646875,31.65,3310.478157711029,0.13404001956309758,0.1319523629863434,0.1252116373207133,0.13689788776293363,0.1,0.025,0.2,0.225,0.125,0.325,0.2010789415283885,0.12062441280547742,0.28748459539566795,0.325,0.2,0.45,-0.05,-0.2,0.075
balanced,matched,128,alignment,20,40,0.635546875,63.0,3310.855779504776,0.13318836358901306,0.13072290282735421,0.12410328590888416,nan,0.2,0.075,0.35,0.575,0.425,0.725,0.36119059460654285,0.2566927820144415,0.47857023618742367,0.525,0.375,0.675,0.0,0.0,0.0
balanced,matched,128,gaussian_llr,20,40,0.635546875,63.0,3310.855779504776,0.13318836358901306,0.13072290282735421,0.12410328590888416,nan,0.2,0.075,0.35,0.575,0.425,0.725,0.371926698780147,0.27147134199612644,0.4864824654512154,0.525,0.375,0.675,0.0,0.0,0.0
balanced,matched,128,mixture_llr,20,40,0.635546875,63.0,3310.855779504776,0.13318836358901306,0.13072290282735421,0.12410328590888416,nan,0.2,0.075,0.35,0.6,0.425,0.75,0.363889824235219,0.26132238964434684,0.48077525333158555,0.55,0.4,0.7006249999999994,0.0,0.0,0.0
balanced,matched,128,sparse_0,20,40,0.635546875,63.0,3310.855779504776,0.13318836358901306,0.13072290282735421,0.12410328590888416,0.13612585974134467,0.075,0.0,0.15,0.25,0.125,0.37562499999999943,0.18349634147536184,0.11546776164458845,0.26261273202076724,0.25,0.15,0.3506249999999994,-0.125,-0.275,0.0
long_tail,matched,64,alignment,20,40,0.6255859375,31.65,3310.478158187866,0.12409845279975418,0.12122185269376158,0.11419020286630659,nan,0.15,0.05,0.275,0.375,0.225,0.525,0.2765173830798831,0.18238185367872867,0.38083369408369405,0.45,0.275,0.6,0.0,0.0,0.0
long_tail,matched,64,gaussian_llr,20,40,0.6255859375,31.65,3310.478158187866,0.12409845279975418,0.12122185269376158,0.11419020286630659,nan,0.15,0.05,0.275,0.325,0.175,0.475,0.2744886801794696,0.17844028326388525,0.37915563767372973,0.4,0.225,0.575,0.0,0.0,0.0
long_tail,matched,64,mixture_llr,20,40,0.6255859375,31.65,3310.478158187866,0.12409845279975418,0.12122185269376158,0.11419020286630659,nan,0.15,0.05,0.275,0.325,0.175,0.475,0.27767029267029264,0.1815075456950457,0.3825671706765456,0.425,0.27437500000000004,0.6,0.0,0.0,0.0
long_tail,matched,64,sparse_0,20,40,0.6255859375,31.65,3310.478158187866,0.12409845279975418,0.12122185269376158,0.11419020286630659,0.12655923737874614,0.125,0.025,0.225,0.275,0.125,0.425,0.2169572109459296,0.1263406187291873,0.3122766872419776,0.425,0.275,0.575,-0.025,-0.175,0.1
long_tail,matched,128,alignment,20,40,0.5943359375,63.0,3310.855779695511,0.12233091108308533,0.11899989771058168,0.11200585150916753,nan,0.2,0.075,0.325,0.575,0.425,0.7,0.36633252226125645,0.252019581101574,0.47989222751423616,0.575,0.425,0.7,0.0,0.0,0.0
long_tail,matched,128,gaussian_llr,20,40,0.5943359375,63.0,3310.855779695511,0.12233091108308533,0.11899989771058168,0.11200585150916753,nan,0.15,0.05,0.25,0.575,0.45,0.7,0.35290761877305554,0.2604287174256487,0.45289556811946075,0.5,0.35,0.6506249999999995,-0.05,-0.125,0.0
long_tail,matched,128,mixture_llr,20,40,0.5943359375,63.0,3310.855779695511,0.12233091108308533,0.11899989771058168,0.11200585150916753,nan,0.2,0.075,0.325,0.575,0.45,0.7,0.36031394993894994,0.2473313606532356,0.4765987599206349,0.55,0.4,0.7,0.0,0.0,0.0
long_tail,matched,128,sparse_0,20,40,0.5943359375,63.0,3310.855779695511,0.12233091108308533,0.11899989771058168,0.11200585150916753,0.12492416156878919,0.075,0.0,0.15,0.25,0.125,0.375,0.19115394344145245,0.12101929408592577,0.2718523360430315,0.35,0.22437500000000005,0.5,-0.125,-0.275,0.0
long_tail,balanced_mismatch,64,alignment,20,40,0.6255859375,31.65,3310.478158187866,0.16080615025322212,0.15409990938667747,0.153210446740381,nan,0.025,0.0,0.075,0.225,0.09937500000000005,0.4,0.1521714367345088,0.10199521940286385,0.2090237806446509,0.35,0.2,0.5,0.0,0.0,0.0
long_tail,balanced_mismatch,64,gaussian_llr,20,40,0.6255859375,31.65,3310.478158187866,0.16080615025322212,0.15409990938667747,0.153210446740381,nan,0.025,0.0,0.075,0.225,0.075,0.4,0.14310692998521943,0.09665421727395412,0.19976777530766013,0.375,0.225,0.525,0.0,0.0,0.0
long_tail,balanced_mismatch,64,mixture_llr,20,40,0.6255859375,31.65,3310.478158187866,0.16080615025322212,0.15409990938667747,0.153210446740381,nan,0.025,0.0,0.075,0.2,0.075,0.35,0.14721024002059468,0.10016309688872978,0.20389649345815322,0.4,0.24937500000000004,0.575,0.0,0.0,0.0
long_tail,balanced_mismatch,64,sparse_0,20,40,0.6255859375,31.65,3310.478158187866,0.16080615025322212,0.15409990938667747,0.153210446740381,0.16256506051280867,0.1,0.025,0.2,0.25,0.125,0.4,0.20129801461862978,0.12235853592663283,0.29251820805419165,0.45,0.324375,0.575,0.075,-0.025,0.175
long_tail,balanced_mismatch,128,alignment,20,40,0.5943359375,63.0,3310.855779695511,0.1575793754130539,0.1487664748769423,0.14978044580535504,nan,0.075,0.0,0.15,0.3,0.125,0.5,0.19788438567926891,0.11432524945149057,0.30685810606886127,0.4,0.25,0.575,0.025,0.0,0.075
long_tail,balanced_mismatch,128,gaussian_llr,20,40,0.5943359375,63.0,3310.855779695511,0.1575793754130539,0.1487664748769423,0.14978044580535504,nan,0.05,0.0,0.125,0.275,0.125,0.475,0.1713324164067114,0.10490224457679047,0.26058698747180753,0.4,0.25,0.575,0.0,0.0,0.0
long_tail,balanced_mismatch,128,mixture_llr,20,40,0.5943359375,63.0,3310.855779695511,0.1575793754130539,0.1487664748769423,0.14978044580535504,nan,0.05,0.0,0.125,0.25,0.1,0.425,0.1777294269469108,0.10839476069404601,0.2704939429958586,0.375,0.225,0.55,0.0,0.0,0.0
long_tail,balanced_mismatch,128,sparse_0,20,40,0.5943359375,63.0,3310.855779695511,0.1575793754130539,0.1487664748769423,0.14978044580535504,0.15988156389109237,0.1,0.025,0.2,0.25,0.125,0.4,0.19965413999433362,0.11998547204389746,0.29472915539697664,0.375,0.25,0.525,0.05,-0.05,0.15
