window,sigma,role,seed,step,accuracy,loss
8,1.0,target,0,64,0.8019999861717224,0.6699925065040588
8,1.0,target,1,64,0.8100000023841858,0.6753986477851868
8,1.0,target,2,64,0.8080000281333923,0.6610450148582458
8,4.0,target,0,64,0.7870000004768372,0.7246161699295044
8,4.0,target,1,64,0.7590000033378601,0.7792982459068298
8,4.0,target,2,64,0.7979999780654907,0.6988099217414856
8,16.0,target,0,64,0.5,1.520652413368225
8,16.0,target,1,64,0.40400001406669617,1.7914366722106934
8,16.0,target,2,64,0.4020000100135803,1.7218128442764282
64,1.0,target,0,64,0.8019999861717224,0.6699925065040588
64,1.0,target,1,64,0.8100000023841858,0.6753986477851868
64,1.0,target,2,64,0.8080000281333923,0.6610450148582458
64,4.0,target,0,64,0.7870000004768372,0.7246161699295044
64,4.0,target,1,64,0.7590000033378601,0.7792982459068298
64,4.0,target,2,64,0.7979999780654907,0.6988099217414856
64,16.0,target,0,64,0.5,1.520652413368225
64,16.0,target,1,64,0.40400001406669617,1.7914366722106934
64,16.0,target,2,64,0.4020000100135803,1.7218128442764282
