condition,seed,distribution,sigma,family,endpoint_method,trajectory_method,selected_trajectory_weight,selected_endpoint_weight,calibration_auc,heldout_auc,equal_weight_heldout_auc,endpoint_heldout_auc,calibration_clients,heldout_clients
low_noise,20261011,natural_writer,0.25,lira,lira_calibrated,gaussproof_mean,0.75,0.25,0.5198717948717949,0.5159810126582278,0.5151898734177215,0.5045886075949367,40,80
low_noise,20261011,natural_writer,0.25,rmia,rmia_calibrated,gaussproof_mean,0.25,0.75,0.5224358974358975,0.5083860759493671,0.510759493670886,0.5039556962025317,40,80
high_noise,20261011,natural_writer,4.0,lira,lira_calibrated,gaussproof_mean,0.75,0.25,0.5108974358974359,0.504746835443038,0.5033227848101266,0.5014240506329114,40,80
high_noise,20261011,natural_writer,4.0,rmia,rmia_calibrated,gaussproof_mean,0.75,0.25,0.5134615384615384,0.5018987341772152,0.5022151898734177,0.49968354430379747,40,80
low_noise,20261011,iid_mixed,0.25,lira,lira_calibrated,gaussproof_mean,0.75,0.25,0.5089743589743589,0.513132911392405,0.5128164556962025,0.5045886075949367,40,80
low_noise,20261011,iid_mixed,0.25,rmia,rmia_calibrated,gaussproof_mean,0.25,0.75,0.5166666666666667,0.5102848101265823,0.5112341772151898,0.5064082278481012,40,80
high_noise,20261011,iid_mixed,4.0,lira,lira_calibrated,gaussproof_mean,0.75,0.25,0.5115384615384615,0.5058544303797469,0.5068037974683545,0.5003164556962025,40,80
high_noise,20261011,iid_mixed,4.0,rmia,rmia_calibrated,gaussproof_mean,0.75,0.25,0.5089743589743589,0.5072784810126583,0.5061708860759494,0.5007120253164556,40,80
low_noise,20261011,label_sorted,0.25,lira,lira_calibrated,gaussproof_mean,0.0,1.0,0.5243589743589744,0.5181962025316456,0.5216772151898734,0.5181962025316456,40,80
low_noise,20261011,label_sorted,0.25,rmia,rmia_calibrated,gaussproof_mean,0.0,1.0,0.5330128205128205,0.5110759493670886,0.5319620253164556,0.5110759493670886,40,80
high_noise,20261011,label_sorted,4.0,lira,lira_calibrated,gaussproof_mean,0.0,1.0,0.5089743589743589,0.5052215189873418,0.5052215189873418,0.5052215189873418,40,80
high_noise,20261011,label_sorted,4.0,rmia,rmia_calibrated,gaussproof_mean,0.0,1.0,0.5096153846153846,0.506882911392405,0.5042721518987342,0.506882911392405,40,80
low_noise,20261013,natural_writer,0.25,lira,lira_calibrated,gaussproof_mean,0.0,1.0,0.5102564102564102,0.5077531645569621,0.5091772151898735,0.5077531645569621,40,80
low_noise,20261013,natural_writer,0.25,rmia,rmia_calibrated,gaussproof_mean,0.25,0.75,0.5115384615384615,0.5074367088607595,0.5090189873417722,0.5064873417721519,40,80
high_noise,20261013,natural_writer,4.0,lira,lira_calibrated,gaussproof_mean,1.0,0.0,0.5044871794871795,0.5030063291139241,0.5012658227848101,0.5007911392405063,40,80
high_noise,20261013,natural_writer,4.0,rmia,rmia_calibrated,gaussproof_mean,1.0,0.0,0.5044871794871795,0.5030063291139241,0.5022151898734177,0.5003164556962025,40,80
low_noise,20261013,iid_mixed,0.25,lira,lira_calibrated,gaussproof_mean,0.5,0.5,0.5128205128205128,0.5125,0.5125,0.5060126582278481,40,80
low_noise,20261013,iid_mixed,0.25,rmia,rmia_calibrated,gaussproof_mean,0.75,0.25,0.5185897435897436,0.5132911392405063,0.5151898734177215,0.5026107594936708,40,80
high_noise,20261013,iid_mixed,4.0,lira,lira_calibrated,gaussproof_mean,0.5,0.5,0.5032051282051282,0.5031645569620253,0.5031645569620253,0.5006329113924051,40,80
high_noise,20261013,iid_mixed,4.0,rmia,rmia_calibrated,gaussproof_mean,0.0,1.0,0.5032051282051282,0.5010284810126582,0.5036392405063291,0.5010284810126582,40,80
low_noise,20261013,label_sorted,0.25,lira,lira_calibrated,gaussproof_mean,0.0,1.0,0.525,0.5134493670886076,0.5170886075949367,0.5134493670886076,40,80
low_noise,20261013,label_sorted,0.25,rmia,rmia_calibrated,gaussproof_mean,0.0,1.0,0.5368589743589743,0.5149525316455696,0.5200949367088608,0.5149525316455696,40,80
high_noise,20261013,label_sorted,4.0,lira,lira_calibrated,gaussproof_mean,0.0,1.0,0.5115384615384615,0.5015822784810127,0.5018987341772152,0.5015822784810127,40,80
high_noise,20261013,label_sorted,4.0,rmia,rmia_calibrated,gaussproof_mean,0.0,1.0,0.5144230769230769,0.5054588607594936,0.5058544303797469,0.5054588607594936,40,80
low_noise,20261017,natural_writer,0.25,lira,lira_calibrated,gaussproof_mean,0.0,1.0,0.5108974358974359,0.5041139240506329,0.5077531645569621,0.5041139240506329,40,80
low_noise,20261017,natural_writer,0.25,rmia,rmia_calibrated,gaussproof_mean,0.5,0.5,0.5115384615384615,0.5080696202531646,0.5080696202531646,0.5007120253164556,40,80
high_noise,20261017,natural_writer,4.0,lira,lira_calibrated,gaussproof_mean,0.0,1.0,0.5012820512820513,0.5003164556962025,0.5022151898734177,0.5003164556962025,40,80
high_noise,20261017,natural_writer,4.0,rmia,rmia_calibrated,gaussproof_mean,0.0,1.0,0.503525641025641,0.5003955696202531,0.5018987341772152,0.5003955696202531,40,80
low_noise,20261017,iid_mixed,0.25,lira,lira_calibrated,gaussproof_mean,1.0,0.0,0.5057692307692307,0.507120253164557,0.5028481012658228,0.5007911392405063,40,80
low_noise,20261017,iid_mixed,0.25,rmia,rmia_calibrated,gaussproof_mean,0.75,0.25,0.5121794871794871,0.5079113924050633,0.5085443037974684,0.5057753164556962,40,80
high_noise,20261017,iid_mixed,4.0,lira,lira_calibrated,gaussproof_mean,0.75,0.25,0.5064102564102564,0.5026898734177215,0.5014240506329114,0.5001582278481013,40,80
high_noise,20261017,iid_mixed,4.0,rmia,rmia_calibrated,gaussproof_mean,1.0,0.0,0.5064102564102564,0.5030063291139241,0.5014240506329114,0.49944620253164557,40,80
low_noise,20261017,label_sorted,0.25,lira,lira_calibrated,gaussproof_mean,0.0,1.0,0.5230769230769231,0.5185126582278481,0.5251582278481013,0.5185126582278481,40,80
low_noise,20261017,label_sorted,0.25,rmia,rmia_calibrated,gaussproof_mean,0.5,0.5,0.5294871794871795,0.5207278481012658,0.5207278481012658,0.5150316455696202,40,80
high_noise,20261017,label_sorted,4.0,lira,lira_calibrated,gaussproof_mean,0.0,1.0,0.5051282051282051,0.5030063291139241,0.5052215189873418,0.5030063291139241,40,80
high_noise,20261017,label_sorted,4.0,rmia,rmia_calibrated,gaussproof_mean,0.0,1.0,0.5086538461538461,0.5064082278481012,0.5049050632911393,0.5064082278481012,40,80
