condition,seed,distribution,comparison,auc_gain,bootstrap_low,bootstrap_high
low_noise,20261011,natural_writer,hybrid_equal_lira_minus_lira_calibrated,0.010601265822784756,0.004491318402914207,0.017594651401692238
low_noise,20261011,natural_writer,hybrid_calibrated_lira_minus_lira_calibrated,0.011392405063291089,0.004806916497450059,0.018318880043061803
low_noise,20261011,natural_writer,hybrid_equal_rmia_minus_rmia_calibrated,0.006803797468354356,0.0008790530528860311,0.01409045203252337
low_noise,20261011,natural_writer,hybrid_calibrated_rmia_minus_rmia_calibrated,0.004430379746835467,-0.0007209170681190479,0.010083873822935241
high_noise,20261011,natural_writer,hybrid_equal_lira_minus_lira_calibrated,0.0018987341772152,-0.0022447952575593093,0.007026902712988206
high_noise,20261011,natural_writer,hybrid_calibrated_lira_minus_lira_calibrated,0.0033227848101266,-0.0009594783896893666,0.009004716507281357
high_noise,20261011,natural_writer,hybrid_equal_rmia_minus_rmia_calibrated,0.0025316455696202667,-0.0008010381534597266,0.0064220839593227925
high_noise,20261011,natural_writer,hybrid_calibrated_rmia_minus_rmia_calibrated,0.0022151898734177333,-0.000641730572200333,0.005628561969247202
low_noise,20261011,iid_mixed,hybrid_equal_lira_minus_lira_calibrated,0.008227848101265756,0.002240699103713156,0.014561285806037267
low_noise,20261011,iid_mixed,hybrid_calibrated_lira_minus_lira_calibrated,0.008544303797468289,0.0014370328115392546,0.014909103166683637
low_noise,20261011,iid_mixed,hybrid_equal_rmia_minus_rmia_calibrated,0.004825949367088578,-0.002500919420701536,0.011733153780375668
low_noise,20261011,iid_mixed,hybrid_calibrated_rmia_minus_rmia_calibrated,0.003876582278481089,-0.002245082918321306,0.0109712363046431
high_noise,20261011,iid_mixed,hybrid_equal_lira_minus_lira_calibrated,0.006487341772151933,0.0017684603319584116,0.012650808462789683
high_noise,20261011,iid_mixed,hybrid_calibrated_lira_minus_lira_calibrated,0.005537974683544333,0.001580628184271794,0.01074694380247264
high_noise,20261011,iid_mixed,hybrid_equal_rmia_minus_rmia_calibrated,0.0054588607594937555,0.0007182503529334334,0.01156043202393764
high_noise,20261011,iid_mixed,hybrid_calibrated_rmia_minus_rmia_calibrated,0.006566455696202622,0.0019950854981642813,0.011398291021483724
low_noise,20261011,label_sorted,hybrid_equal_lira_minus_lira_calibrated,0.0034810126582278667,-0.004337493193460154,0.010425832102275372
low_noise,20261011,label_sorted,hybrid_calibrated_lira_minus_lira_calibrated,0.0,0.0,0.0
low_noise,20261011,label_sorted,hybrid_equal_rmia_minus_rmia_calibrated,0.02088607594936709,0.0019942035133451554,0.036694935173039143
low_noise,20261011,label_sorted,hybrid_calibrated_rmia_minus_rmia_calibrated,0.0,0.0,0.0
high_noise,20261011,label_sorted,hybrid_equal_lira_minus_lira_calibrated,0.0,-0.006242347888186575,0.006739517710814456
high_noise,20261011,label_sorted,hybrid_calibrated_lira_minus_lira_calibrated,0.0,0.0,0.0
high_noise,20261011,label_sorted,hybrid_equal_rmia_minus_rmia_calibrated,-0.0026107594936708445,-0.00929517008985876,0.003763885093261626
high_noise,20261011,label_sorted,hybrid_calibrated_rmia_minus_rmia_calibrated,0.0,0.0,0.0
low_noise,20261013,natural_writer,hybrid_equal_lira_minus_lira_calibrated,0.0014240506329114,-0.0048145464277883155,0.007712423261972716
low_noise,20261013,natural_writer,hybrid_calibrated_lira_minus_lira_calibrated,0.0,0.0,0.0
low_noise,20261013,natural_writer,hybrid_equal_rmia_minus_rmia_calibrated,0.0025316455696202667,-0.0024828765717849477,0.0075267780365790475
low_noise,20261013,natural_writer,hybrid_calibrated_rmia_minus_rmia_calibrated,0.0009493670886076,-0.0037851132140818366,0.005637631799163143
high_noise,20261013,natural_writer,hybrid_equal_lira_minus_lira_calibrated,0.0004746835443038,-0.0027335991550611334,0.004023043772391004
high_noise,20261013,natural_writer,hybrid_calibrated_lira_minus_lira_calibrated,0.0022151898734177333,-0.0022494296996224835,0.007529373712470771
high_noise,20261013,natural_writer,hybrid_equal_rmia_minus_rmia_calibrated,0.0018987341772152,-0.0009618776236569981,0.0052801691765460386
high_noise,20261013,natural_writer,hybrid_calibrated_rmia_minus_rmia_calibrated,0.0026898734177215333,-0.0014409337286561922,0.007764547415339385
low_noise,20261013,iid_mixed,hybrid_equal_lira_minus_lira_calibrated,0.006487341772151822,0.00016092564471222037,0.012334107308200018
low_noise,20261013,iid_mixed,hybrid_calibrated_lira_minus_lira_calibrated,0.006487341772151822,0.00016092564471222037,0.012334107308200018
low_noise,20261013,iid_mixed,hybrid_equal_rmia_minus_rmia_calibrated,0.012579113924050644,0.003761221545367072,0.022344911595131384
low_noise,20261013,iid_mixed,hybrid_calibrated_rmia_minus_rmia_calibrated,0.010680379746835444,0.0019933565951891527,0.019593132446798917
high_noise,20261013,iid_mixed,hybrid_equal_lira_minus_lira_calibrated,0.0025316455696202667,-0.0019299763721042373,0.007033529591931091
high_noise,20261013,iid_mixed,hybrid_calibrated_lira_minus_lira_calibrated,0.0025316455696202667,-0.0019299763721042373,0.007033529591931091
high_noise,20261013,iid_mixed,hybrid_equal_rmia_minus_rmia_calibrated,0.0026107594936709555,-0.0011244079618295988,0.007214547134876239
high_noise,20261013,iid_mixed,hybrid_calibrated_rmia_minus_rmia_calibrated,0.0,0.0,0.0
low_noise,20261013,label_sorted,hybrid_equal_lira_minus_lira_calibrated,0.0036392405063291333,-0.0028891299130998243,0.010913075311197912
low_noise,20261013,label_sorted,hybrid_calibrated_lira_minus_lira_calibrated,0.0,0.0,0.0
low_noise,20261013,label_sorted,hybrid_equal_rmia_minus_rmia_calibrated,0.005142405063291111,-0.005063485558322847,0.014184011116442742
low_noise,20261013,label_sorted,hybrid_calibrated_rmia_minus_rmia_calibrated,0.0,0.0,0.0
high_noise,20261013,label_sorted,hybrid_equal_lira_minus_lira_calibrated,0.00031645569620253333,-0.005455756237675602,0.005602107079141835
high_noise,20261013,label_sorted,hybrid_calibrated_lira_minus_lira_calibrated,0.0,0.0,0.0
high_noise,20261013,label_sorted,hybrid_equal_rmia_minus_rmia_calibrated,0.0003955696202532222,-0.005687553583836186,0.0062714814433985355
high_noise,20261013,label_sorted,hybrid_calibrated_rmia_minus_rmia_calibrated,0.0,0.0,0.0
low_noise,20261017,natural_writer,hybrid_equal_lira_minus_lira_calibrated,0.0036392405063291333,-0.001924943259107878,0.010400925306207497
low_noise,20261017,natural_writer,hybrid_calibrated_lira_minus_lira_calibrated,0.0,0.0,0.0
low_noise,20261017,natural_writer,hybrid_equal_rmia_minus_rmia_calibrated,0.0073575949367089555,0.0012840166638235866,0.013175449529077943
low_noise,20261017,natural_writer,hybrid_calibrated_rmia_minus_rmia_calibrated,0.0073575949367089555,0.0012840166638235866,0.013175449529077943
high_noise,20261017,natural_writer,hybrid_equal_lira_minus_lira_calibrated,0.0018987341772152,-0.0011250903398502582,0.005125979209367535
high_noise,20261017,natural_writer,hybrid_calibrated_lira_minus_lira_calibrated,0.0,0.0,0.0
high_noise,20261017,natural_writer,hybrid_equal_rmia_minus_rmia_calibrated,0.0015031645569620888,-0.0016025769477396533,0.005873192162804768
high_noise,20261017,natural_writer,hybrid_calibrated_rmia_minus_rmia_calibrated,0.0,0.0,0.0
low_noise,20261017,iid_mixed,hybrid_equal_lira_minus_lira_calibrated,0.0020569620253164667,-0.0014489723416696325,0.005942914148404396
low_noise,20261017,iid_mixed,hybrid_calibrated_lira_minus_lira_calibrated,0.006329113924050667,0.0012824212625930198,0.01221049304143435
low_noise,20261017,iid_mixed,hybrid_equal_rmia_minus_rmia_calibrated,0.002768987341772222,-0.0029734179248313924,0.008432430463361682
low_noise,20261017,iid_mixed,hybrid_calibrated_rmia_minus_rmia_calibrated,0.0021360759493671555,-0.00320148809499273,0.007839872010187555
high_noise,20261017,iid_mixed,hybrid_equal_lira_minus_lira_calibrated,0.0012658227848101333,-0.0024070093076286117,0.005128246232766895
high_noise,20261017,iid_mixed,hybrid_calibrated_lira_minus_lira_calibrated,0.0025316455696202667,-0.0011207172590457794,0.007535072034349632
high_noise,20261017,iid_mixed,hybrid_equal_rmia_minus_rmia_calibrated,0.0019778481012658333,-0.0020841617458279573,0.007059467496564847
high_noise,20261017,iid_mixed,hybrid_calibrated_rmia_minus_rmia_calibrated,0.0035601265822785,-0.0017669269331299696,0.009275689995184704
low_noise,20261017,label_sorted,hybrid_equal_lira_minus_lira_calibrated,0.0066455696202532,-0.003532490838754079,0.01521484984559538
low_noise,20261017,label_sorted,hybrid_calibrated_lira_minus_lira_calibrated,0.0,0.0,0.0
low_noise,20261017,label_sorted,hybrid_equal_rmia_minus_rmia_calibrated,0.0056962025316456,-0.0008012884738698267,0.011833794884253826
low_noise,20261017,label_sorted,hybrid_calibrated_rmia_minus_rmia_calibrated,0.0056962025316456,-0.0008012884738698267,0.011833794884253826
high_noise,20261017,label_sorted,hybrid_equal_lira_minus_lira_calibrated,0.0022151898734177333,-0.00336933456117872,0.008506985111221164
high_noise,20261017,label_sorted,hybrid_calibrated_lira_minus_lira_calibrated,0.0,0.0,0.0
high_noise,20261017,label_sorted,hybrid_equal_rmia_minus_rmia_calibrated,-0.0015031645569619778,-0.006448552936297846,0.0033704713049054497
high_noise,20261017,label_sorted,hybrid_calibrated_rmia_minus_rmia_calibrated,0.0,0.0,0.0
