sigma,method,error,seed_sd,cosine
1.0,diffusion_context_only,0.042942169752980895,0.0009465721101917206,0.30732322263065726
1.0,diffusion_temporal,0.02797529214876704,0.00044710202490300756,0.5771346625406295
1.0,gaussian_context_only,0.03468743479329827,0.0010769822453945237,0.4069975566739626
1.0,gaussian_current,0.01991847244318345,0.0005063529947038731,0.7092882741953078
1.0,gaussian_temporal,0.02673688574387364,0.0006734409344698679,0.5729372151721545
1.0,noisy,12.924096087614695,0.011309706592418051,0.054701330072324104
1.0,projection_oracle,0.00777628481106755,4.816592208501163e-05,0.8945495899145802
1.0,public_fingerprint,0.05109620140865445,0.001679826446620464,0.2053062134073116
1.0,zero,0.04067970316585464,0.0015022733102787941,0.0
4.0,diffusion_context_only,0.050619069690583274,0.0019205241457105422,0.33687539590270416
4.0,diffusion_temporal,0.04891429604807248,0.002018158040159237,0.36165281429081614
4.0,gaussian_context_only,0.03977711286910037,0.000880913467936178,0.41832337138364145
4.0,gaussian_current,0.03617449970333044,0.0008782588376562292,0.4835229463713781
4.0,gaussian_temporal,0.03873251232033337,0.000706944615719739,0.43582089925913187
4.0,noisy,206.78553795814514,0.18095474700826558,0.014248223722423367
4.0,projection_oracle,0.012267343699932098,0.00019069610957880704,0.8491723276674747
4.0,public_fingerprint,0.051778452014938615,0.0016008457576876937,0.2786431743849486
4.0,zero,0.04455391948188966,0.0025115685997206833,0.0
16.0,diffusion_context_only,0.055924842153520636,0.0020467680078501823,0.458685816032812
16.0,diffusion_temporal,0.05582199492103731,0.0019699883668641456,0.45922217789726955
16.0,gaussian_context_only,0.06902107851131535,0.0023801184417533297,0.41197753407908416
16.0,gaussian_current,0.049150569025549484,0.0015478242169926655,0.4965240598506388
16.0,gaussian_temporal,0.06934786902811796,0.002611585846080508,0.4096984238815525
16.0,noisy,3308.568602244059,2.8952811216899135,0.004318977726216182
16.0,projection_oracle,0.028950660232415732,0.0005131083012166325,0.7111577874359986
16.0,public_fingerprint,0.053996574240348615,0.0011950503317168213,0.44791844114661217
16.0,zero,0.056463542248820886,0.002873481167659646,0.0
