condition,seed,distribution,comparison,auc_difference,bootstrap_low,bootstrap_high
low_noise,20261011,natural_writer,gaussproof_max_minus_lira_calibrated,-0.004430379746835467,-0.008645740966526308,-0.001280389251111888
low_noise,20261011,iid_mixed,gaussproof_max_minus_lira_calibrated,-0.004588607594936733,-0.00933779794121031,0.00016020634617440048
low_noise,20261011,label_sorted,gaussproof_max_minus_lira_calibrated,-0.018196202531645556,-0.025011815123357917,-0.011695639067524077
low_noise,20261013,natural_writer,gaussproof_max_minus_lira_calibrated,0.003955696202531556,-0.00994523069786145,0.021934389178571267
low_noise,20261013,iid_mixed,gaussproof_max_minus_lira_calibrated,-0.006012658227848133,-0.010771035679845714,-0.0022381486226777806
low_noise,20261013,label_sorted,gaussproof_max_minus_lira_calibrated,-0.013449367088607556,-0.01845537657321196,-0.00912183797630485
low_noise,20261017,natural_writer,gaussproof_max_minus_lira_calibrated,0.0020569620253164667,-0.006584640494153826,0.016126030202898364
low_noise,20261017,iid_mixed,gaussproof_max_minus_lira_calibrated,0.005300632911392378,-0.0028883647332061807,0.018682297141745106
low_noise,20261017,label_sorted,gaussproof_max_minus_lira_calibrated,-0.01851265822784809,-0.028607063010743602,-0.012167495450447263
high_noise,20261011,natural_writer,gaussproof_max_minus_lira_calibrated,-0.0014240506329114,-0.003688032010243294,0.0006408202499199045
high_noise,20261011,iid_mixed,gaussproof_max_minus_lira_calibrated,-0.00031645569620253333,-0.0025736651347642663,0.0020800166453265297
high_noise,20261011,label_sorted,gaussproof_max_minus_lira_calibrated,-0.0052215189873418,-0.011558387162704372,0.0009684965609148173
high_noise,20261013,natural_writer,gaussproof_max_minus_lira_calibrated,-0.0007911392405063333,-0.0025711006164207016,0.0006410410651267226
high_noise,20261013,iid_mixed,gaussproof_max_minus_lira_calibrated,-0.0006329113924050667,-0.003694363286264426,0.0020977382865609677
high_noise,20261013,label_sorted,gaussproof_max_minus_lira_calibrated,-0.0015822784810126667,-0.008338091026053365,0.0051218441841113455
high_noise,20261017,natural_writer,gaussproof_max_minus_lira_calibrated,-0.00031645569620253333,-0.0014493610080799021,0.0008000192184497337
high_noise,20261017,iid_mixed,gaussproof_max_minus_lira_calibrated,-0.00015822784810126667,-0.0019232470247667998,0.0014476290812645515
high_noise,20261017,label_sorted,gaussproof_max_minus_lira_calibrated,-0.0030063291139240667,-0.00721443067118589,0.001283213314541421
