sigma,seed,method,canaries,included,guesses,correct,guess_accuracy,auc,epsilon_lower_paper,epsilon_lower_conservative,familywise_alpha,per_test_alpha,delta,mean_active_per_round,utility,repetition,cohort,within_abs_cosine,all_abs_cosine,effective_rank
2.0,20261121,nasr_dot,64,32,32,11,0.34375,0.3837890625,0.0,0.0,0.05,0.01,1e-05,3.00390625,0.640625,0,low,0.6160067915916443,0.39547964930534363,3.983837373574393
2.0,20261121,centered_dot,64,32,32,17,0.53125,0.482421875,0.0,0.0,0.05,0.01,1e-05,3.00390625,0.640625,0,low,0.6160067915916443,0.39547964930534363,3.983837373574393
2.0,20261121,gaussian_mixture,64,32,32,18,0.5625,0.474609375,0.0,0.0,0.05,0.01,1e-05,3.00390625,0.640625,0,low,0.6160067915916443,0.39547964930534363,3.983837373574393
2.0,20261121,sparse,64,32,32,14,0.4375,0.45703125,0.0,0.0,0.05,0.01,1e-05,3.00390625,0.640625,0,low,0.6160067915916443,0.39547964930534363,3.983837373574393
2.0,20261121,joint_trajectory,64,32,32,17,0.53125,0.5029296875,0.0,0.0,0.05,0.01,1e-05,3.00390625,0.640625,0,low,0.6160067915916443,0.39547964930534363,3.983837373574393
2.0,20261121,nasr_dot,64,32,32,18,0.5625,0.546875,0.0,0.0,0.05,0.01,1e-05,3.00390625,0.640625,0,high,0.8283458352088928,0.5064697861671448,2.5490861802472597
2.0,20261121,centered_dot,64,32,32,20,0.625,0.5966796875,0.0,0.0,0.05,0.01,1e-05,3.00390625,0.640625,0,high,0.8283458352088928,0.5064697861671448,2.5490861802472597
2.0,20261121,gaussian_mixture,64,32,32,19,0.59375,0.59765625,0.0,0.0,0.05,0.01,1e-05,3.00390625,0.640625,0,high,0.8283458352088928,0.5064697861671448,2.5490861802472597
2.0,20261121,sparse,64,32,32,19,0.59375,0.6328125,0.0,0.0,0.05,0.01,1e-05,3.00390625,0.640625,0,high,0.8283458352088928,0.5064697861671448,2.5490861802472597
2.0,20261121,joint_trajectory,64,32,32,21,0.65625,0.6044921875,0.0,0.0,0.05,0.01,1e-05,3.00390625,0.640625,0,high,0.8283458352088928,0.5064697861671448,2.5490861802472597
2.0,20261122,nasr_dot,64,29,32,19,0.59375,0.6059113300492611,0.0,0.0,0.05,0.01,1e-05,2.9765625,0.6015625,1,low,0.6253520846366882,0.4039407968521118,3.929172294223463
2.0,20261122,centered_dot,64,29,32,20,0.625,0.6266009852216748,0.0,0.0,0.05,0.01,1e-05,2.9765625,0.6015625,1,low,0.6253520846366882,0.4039407968521118,3.929172294223463
2.0,20261122,gaussian_mixture,64,29,32,21,0.65625,0.6275862068965516,0.0,0.0,0.05,0.01,1e-05,2.9765625,0.6015625,1,low,0.6253520846366882,0.4039407968521118,3.929172294223463
2.0,20261122,sparse,64,29,32,15,0.46875,0.49261083743842365,0.0,0.0,0.05,0.01,1e-05,2.9765625,0.6015625,1,low,0.6253520846366882,0.4039407968521118,3.929172294223463
2.0,20261122,joint_trajectory,64,29,32,22,0.6875,0.6128078817733991,0.0,0.0,0.05,0.01,1e-05,2.9765625,0.6015625,1,low,0.6253520846366882,0.4039407968521118,3.929172294223463
2.0,20261122,nasr_dot,64,29,32,21,0.65625,0.5970443349753695,0.0,0.0,0.05,0.01,1e-05,2.9765625,0.6015625,1,high,0.8476232290267944,0.47256749868392944,2.653910806048789
2.0,20261122,centered_dot,64,29,32,19,0.59375,0.5674876847290641,0.0,0.0,0.05,0.01,1e-05,2.9765625,0.6015625,1,high,0.8476232290267944,0.47256749868392944,2.653910806048789
2.0,20261122,gaussian_mixture,64,29,32,19,0.59375,0.5724137931034482,0.0,0.0,0.05,0.01,1e-05,2.9765625,0.6015625,1,high,0.8476232290267944,0.47256749868392944,2.653910806048789
2.0,20261122,sparse,64,29,32,15,0.46875,0.523152709359606,0.0,0.0,0.05,0.01,1e-05,2.9765625,0.6015625,1,high,0.8476232290267944,0.47256749868392944,2.653910806048789
2.0,20261122,joint_trajectory,64,29,32,17,0.53125,0.5261083743842364,0.0,0.0,0.05,0.01,1e-05,2.9765625,0.6015625,1,high,0.8476232290267944,0.47256749868392944,2.653910806048789
2.0,20261123,nasr_dot,64,33,32,18,0.5625,0.5796676441837733,0.0,0.0,0.05,0.01,1e-05,3.47265625,0.609375,2,low,0.6253389120101929,0.4014112055301666,3.9605980220635777
2.0,20261123,centered_dot,64,33,32,19,0.59375,0.58455522971652,0.0,0.0,0.05,0.01,1e-05,3.47265625,0.609375,2,low,0.6253389120101929,0.4014112055301666,3.9605980220635777
2.0,20261123,gaussian_mixture,64,33,32,19,0.59375,0.5904203323558163,0.0,0.0,0.05,0.01,1e-05,3.47265625,0.609375,2,low,0.6253389120101929,0.4014112055301666,3.9605980220635777
2.0,20261123,sparse,64,33,32,14,0.4375,0.4623655913978495,0.0,0.0,0.05,0.01,1e-05,3.47265625,0.609375,2,low,0.6253389120101929,0.4014112055301666,3.9605980220635777
2.0,20261123,joint_trajectory,64,33,32,15,0.46875,0.48289345063538613,0.0,0.0,0.05,0.01,1e-05,3.47265625,0.609375,2,low,0.6253389120101929,0.4014112055301666,3.9605980220635777
2.0,20261123,nasr_dot,64,33,32,16,0.5,0.5474095796676441,0.0,0.0,0.05,0.01,1e-05,3.47265625,0.609375,2,high,0.8730687499046326,0.4842401444911957,2.5204896630757
2.0,20261123,centered_dot,64,33,32,16,0.5,0.5131964809384164,0.0,0.0,0.05,0.01,1e-05,3.47265625,0.609375,2,high,0.8730687499046326,0.4842401444911957,2.5204896630757
2.0,20261123,gaussian_mixture,64,33,32,17,0.53125,0.5259042033235581,0.0,0.0,0.05,0.01,1e-05,3.47265625,0.609375,2,high,0.8730687499046326,0.4842401444911957,2.5204896630757
2.0,20261123,sparse,64,33,32,13,0.40625,0.41935483870967744,0.0,0.0,0.05,0.01,1e-05,3.47265625,0.609375,2,high,0.8730687499046326,0.4842401444911957,2.5204896630757
2.0,20261123,joint_trajectory,64,33,32,11,0.34375,0.40762463343108507,0.0,0.0,0.05,0.01,1e-05,3.47265625,0.609375,2,high,0.8730687499046326,0.4842401444911957,2.5204896630757
2.0,20261124,nasr_dot,64,31,32,19,0.59375,0.6109481915933528,0.0,0.0,0.05,0.01,1e-05,3.16015625,0.609375,3,low,0.6270415186882019,0.40937867760658264,3.8946532719123366
2.0,20261124,centered_dot,64,31,32,15,0.46875,0.47214076246334313,0.0,0.0,0.05,0.01,1e-05,3.16015625,0.609375,3,low,0.6270415186882019,0.40937867760658264,3.8946532719123366
2.0,20261124,gaussian_mixture,64,31,32,15,0.46875,0.48484848484848486,0.0,0.0,0.05,0.01,1e-05,3.16015625,0.609375,3,low,0.6270415186882019,0.40937867760658264,3.8946532719123366
2.0,20261124,sparse,64,31,32,13,0.40625,0.41153470185728247,0.0,0.0,0.05,0.01,1e-05,3.16015625,0.609375,3,low,0.6270415186882019,0.40937867760658264,3.8946532719123366
2.0,20261124,joint_trajectory,64,31,32,10,0.3125,0.35777126099706746,0.0,0.0,0.05,0.01,1e-05,3.16015625,0.609375,3,low,0.6270415186882019,0.40937867760658264,3.8946532719123366
2.0,20261124,nasr_dot,64,31,32,22,0.6875,0.6021505376344085,0.0,0.0,0.05,0.01,1e-05,3.16015625,0.609375,3,high,0.8488665819168091,0.48389121890068054,2.6066565915152764
2.0,20261124,centered_dot,64,31,32,20,0.625,0.5884652981427175,0.0,0.0,0.05,0.01,1e-05,3.16015625,0.609375,3,high,0.8488665819168091,0.48389121890068054,2.6066565915152764
2.0,20261124,gaussian_mixture,64,31,32,21,0.65625,0.5953079178885631,0.0,0.0,0.05,0.01,1e-05,3.16015625,0.609375,3,high,0.8488665819168091,0.48389121890068054,2.6066565915152764
2.0,20261124,sparse,64,31,32,16,0.5,0.4946236559139785,0.0,0.0,0.05,0.01,1e-05,3.16015625,0.609375,3,high,0.8488665819168091,0.48389121890068054,2.6066565915152764
2.0,20261124,joint_trajectory,64,31,32,16,0.5,0.5249266862170088,0.0,0.0,0.05,0.01,1e-05,3.16015625,0.609375,3,high,0.8488665819168091,0.48389121890068054,2.6066565915152764
2.0,20261125,nasr_dot,64,33,32,19,0.59375,0.6265884652981427,0.0,0.0,0.05,0.01,1e-05,3.390625,0.609375,4,low,0.6271608471870422,0.4076076149940491,3.838990987857577
2.0,20261125,centered_dot,64,33,32,21,0.65625,0.6793743890518084,0.0,0.0,0.05,0.01,1e-05,3.390625,0.609375,4,low,0.6271608471870422,0.4076076149940491,3.838990987857577
2.0,20261125,gaussian_mixture,64,33,32,21,0.65625,0.6705767350928642,0.0,0.0,0.05,0.01,1e-05,3.390625,0.609375,4,low,0.6271608471870422,0.4076076149940491,3.838990987857577
2.0,20261125,sparse,64,33,32,15,0.46875,0.5366568914956011,0.0,0.0,0.05,0.01,1e-05,3.390625,0.609375,4,low,0.6271608471870422,0.4076076149940491,3.838990987857577
2.0,20261125,joint_trajectory,64,33,32,20,0.625,0.587487781036168,0.0,0.0,0.05,0.01,1e-05,3.390625,0.609375,4,low,0.6271608471870422,0.4076076149940491,3.838990987857577
2.0,20261125,nasr_dot,64,33,32,21,0.65625,0.5943304007820137,0.0,0.0,0.05,0.01,1e-05,3.390625,0.6171875,4,high,0.8405669331550598,0.5207850933074951,2.4793992828499736
2.0,20261125,centered_dot,64,33,32,19,0.59375,0.5953079178885631,0.0,0.0,0.05,0.01,1e-05,3.390625,0.6171875,4,high,0.8405669331550598,0.5207850933074951,2.4793992828499736
2.0,20261125,gaussian_mixture,64,33,32,19,0.59375,0.5894428152492669,0.0,0.0,0.05,0.01,1e-05,3.390625,0.6171875,4,high,0.8405669331550598,0.5207850933074951,2.4793992828499736
2.0,20261125,sparse,64,33,32,19,0.59375,0.544477028347996,0.0,0.0,0.05,0.01,1e-05,3.390625,0.6171875,4,high,0.8405669331550598,0.5207850933074951,2.4793992828499736
2.0,20261125,joint_trajectory,64,33,32,17,0.53125,0.5356793743890518,0.0,0.0,0.05,0.01,1e-05,3.390625,0.6171875,4,high,0.8405669331550598,0.5207850933074951,2.4793992828499736
2.0,20261126,nasr_dot,64,29,32,18,0.5625,0.5724137931034483,0.0,0.0,0.05,0.01,1e-05,2.7890625,0.6015625,5,low,0.6402075886726379,0.40891024470329285,3.7816388100196696
2.0,20261126,centered_dot,64,29,32,19,0.59375,0.6088669950738916,0.0,0.0,0.05,0.01,1e-05,2.7890625,0.6015625,5,low,0.6402075886726379,0.40891024470329285,3.7816388100196696
2.0,20261126,gaussian_mixture,64,29,32,20,0.625,0.6029556650246306,0.0,0.0,0.05,0.01,1e-05,2.7890625,0.6015625,5,low,0.6402075886726379,0.40891024470329285,3.7816388100196696
2.0,20261126,sparse,64,29,32,20,0.625,0.593103448275862,0.0,0.0,0.05,0.01,1e-05,2.7890625,0.6015625,5,low,0.6402075886726379,0.40891024470329285,3.7816388100196696
2.0,20261126,joint_trajectory,64,29,32,16,0.5,0.5408866995073892,0.0,0.0,0.05,0.01,1e-05,2.7890625,0.6015625,5,low,0.6402075886726379,0.40891024470329285,3.7816388100196696
2.0,20261126,nasr_dot,64,29,32,19,0.59375,0.6157635467980296,0.0,0.0,0.05,0.01,1e-05,2.7890625,0.609375,5,high,0.8333408236503601,0.5037487745285034,2.5587096351098575
2.0,20261126,centered_dot,64,29,32,21,0.65625,0.6295566502463055,0.0,0.0,0.05,0.01,1e-05,2.7890625,0.609375,5,high,0.8333408236503601,0.5037487745285034,2.5587096351098575
2.0,20261126,gaussian_mixture,64,29,32,22,0.6875,0.626600985221675,0.0,0.0,0.05,0.01,1e-05,2.7890625,0.609375,5,high,0.8333408236503601,0.5037487745285034,2.5587096351098575
2.0,20261126,sparse,64,29,32,20,0.625,0.6206896551724139,0.0,0.0,0.05,0.01,1e-05,2.7890625,0.609375,5,high,0.8333408236503601,0.5037487745285034,2.5587096351098575
2.0,20261126,joint_trajectory,64,29,32,23,0.71875,0.6965517241379311,0.0,0.0,0.05,0.01,1e-05,2.7890625,0.609375,5,high,0.8333408236503601,0.5037487745285034,2.5587096351098575
2.0,20261127,nasr_dot,64,34,32,15,0.46875,0.4509803921568627,0.0,0.0,0.05,0.01,1e-05,3.4453125,0.609375,6,low,0.6335146427154541,0.40500006079673767,3.8995814343543658
2.0,20261127,centered_dot,64,34,32,17,0.53125,0.5117647058823529,0.0,0.0,0.05,0.01,1e-05,3.4453125,0.609375,6,low,0.6335146427154541,0.40500006079673767,3.8995814343543658
2.0,20261127,gaussian_mixture,64,34,32,18,0.5625,0.5137254901960784,0.0,0.0,0.05,0.01,1e-05,3.4453125,0.609375,6,low,0.6335146427154541,0.40500006079673767,3.8995814343543658
2.0,20261127,sparse,64,34,32,22,0.6875,0.6137254901960785,0.0,0.0,0.05,0.01,1e-05,3.4453125,0.609375,6,low,0.6335146427154541,0.40500006079673767,3.8995814343543658
2.0,20261127,joint_trajectory,64,34,32,18,0.5625,0.553921568627451,0.0,0.0,0.05,0.01,1e-05,3.4453125,0.609375,6,low,0.6335146427154541,0.40500006079673767,3.8995814343543658
2.0,20261127,nasr_dot,64,34,32,18,0.5625,0.5225490196078431,0.0,0.0,0.05,0.01,1e-05,3.4453125,0.609375,6,high,0.8740066289901733,0.48774096369743347,2.5182800355289507
2.0,20261127,centered_dot,64,34,32,15,0.46875,0.4862745098039216,0.0,0.0,0.05,0.01,1e-05,3.4453125,0.609375,6,high,0.8740066289901733,0.48774096369743347,2.5182800355289507
2.0,20261127,gaussian_mixture,64,34,32,15,0.46875,0.49901960784313726,0.0,0.0,0.05,0.01,1e-05,3.4453125,0.609375,6,high,0.8740066289901733,0.48774096369743347,2.5182800355289507
2.0,20261127,sparse,64,34,32,17,0.53125,0.5107843137254902,0.0,0.0,0.05,0.01,1e-05,3.4453125,0.609375,6,high,0.8740066289901733,0.48774096369743347,2.5182800355289507
2.0,20261127,joint_trajectory,64,34,32,16,0.5,0.5274509803921568,0.0,0.0,0.05,0.01,1e-05,3.4453125,0.609375,6,high,0.8740066289901733,0.48774096369743347,2.5182800355289507
2.0,20261128,nasr_dot,64,29,32,18,0.5625,0.5605911330049261,0.0,0.0,0.05,0.01,1e-05,2.81640625,0.6171875,7,low,0.6492732763290405,0.4131610691547394,3.8395444876344094
2.0,20261128,centered_dot,64,29,32,21,0.65625,0.6660098522167488,0.0,0.0,0.05,0.01,1e-05,2.81640625,0.6171875,7,low,0.6492732763290405,0.4131610691547394,3.8395444876344094
2.0,20261128,gaussian_mixture,64,29,32,19,0.59375,0.6591133004926109,0.0,0.0,0.05,0.01,1e-05,2.81640625,0.6171875,7,low,0.6492732763290405,0.4131610691547394,3.8395444876344094
2.0,20261128,sparse,64,29,32,18,0.5625,0.5625615763546798,0.0,0.0,0.05,0.01,1e-05,2.81640625,0.6171875,7,low,0.6492732763290405,0.4131610691547394,3.8395444876344094
2.0,20261128,joint_trajectory,64,29,32,21,0.65625,0.619704433497537,0.0,0.0,0.05,0.01,1e-05,2.81640625,0.6171875,7,low,0.6492732763290405,0.4131610691547394,3.8395444876344094
2.0,20261128,nasr_dot,64,29,32,11,0.34375,0.3704433497536946,0.0,0.0,0.05,0.01,1e-05,2.81640625,0.6171875,7,high,0.8675316572189331,0.4818296730518341,2.5478652165217146
2.0,20261128,centered_dot,64,29,32,10,0.3125,0.36748768472906407,0.0,0.0,0.05,0.01,1e-05,2.81640625,0.6171875,7,high,0.8675316572189331,0.4818296730518341,2.5478652165217146
2.0,20261128,gaussian_mixture,64,29,32,13,0.40625,0.3921182266009853,0.0,0.0,0.05,0.01,1e-05,2.81640625,0.6171875,7,high,0.8675316572189331,0.4818296730518341,2.5478652165217146
2.0,20261128,sparse,64,29,32,18,0.5625,0.5389162561576355,0.0,0.0,0.05,0.01,1e-05,2.81640625,0.6171875,7,high,0.8675316572189331,0.4818296730518341,2.5478652165217146
2.0,20261128,joint_trajectory,64,29,32,18,0.5625,0.5123152709359606,0.0,0.0,0.05,0.01,1e-05,2.81640625,0.6171875,7,high,0.8675316572189331,0.4818296730518341,2.5478652165217146
2.0,20261129,nasr_dot,64,33,32,19,0.59375,0.5943304007820137,0.0,0.0,0.05,0.01,1e-05,3.30078125,0.6015625,8,low,0.6179921627044678,0.39369311928749084,3.9920174954570773
2.0,20261129,centered_dot,64,33,32,16,0.5,0.512218963831867,0.0,0.0,0.05,0.01,1e-05,3.30078125,0.6015625,8,low,0.6179921627044678,0.39369311928749084,3.9920174954570773
2.0,20261129,gaussian_mixture,64,33,32,18,0.5625,0.5259042033235581,0.0,0.0,0.05,0.01,1e-05,3.30078125,0.6015625,8,low,0.6179921627044678,0.39369311928749084,3.9920174954570773
2.0,20261129,sparse,64,33,32,19,0.59375,0.560117302052786,0.0,0.0,0.05,0.01,1e-05,3.30078125,0.6015625,8,low,0.6179921627044678,0.39369311928749084,3.9920174954570773
2.0,20261129,joint_trajectory,64,33,32,20,0.625,0.5933528836754643,0.0,0.0,0.05,0.01,1e-05,3.30078125,0.6015625,8,low,0.6179921627044678,0.39369311928749084,3.9920174954570773
2.0,20261129,nasr_dot,64,33,32,11,0.34375,0.3939393939393939,0.0,0.0,0.05,0.01,1e-05,3.30078125,0.6015625,8,high,0.8636006712913513,0.4921400249004364,2.535820018195034
2.0,20261129,centered_dot,64,33,32,17,0.53125,0.5073313782991202,0.0,0.0,0.05,0.01,1e-05,3.30078125,0.6015625,8,high,0.8636006712913513,0.4921400249004364,2.535820018195034
2.0,20261129,gaussian_mixture,64,33,32,16,0.5,0.5151515151515151,0.0,0.0,0.05,0.01,1e-05,3.30078125,0.6015625,8,high,0.8636006712913513,0.4921400249004364,2.535820018195034
2.0,20261129,sparse,64,33,32,15,0.46875,0.49364613880742914,0.0,0.0,0.05,0.01,1e-05,3.30078125,0.6015625,8,high,0.8636006712913513,0.4921400249004364,2.535820018195034
2.0,20261129,joint_trajectory,64,33,32,17,0.53125,0.5024437927663734,0.0,0.0,0.05,0.01,1e-05,3.30078125,0.6015625,8,high,0.8636006712913513,0.4921400249004364,2.535820018195034
2.0,20261130,nasr_dot,64,25,32,18,0.5625,0.5610256410256411,0.0,0.0,0.05,0.01,1e-05,2.48046875,0.609375,9,low,0.6566082239151001,0.4142865538597107,3.732825928889213
2.0,20261130,centered_dot,64,25,32,19,0.59375,0.5938461538461539,0.0,0.0,0.05,0.01,1e-05,2.48046875,0.609375,9,low,0.6566082239151001,0.4142865538597107,3.732825928889213
2.0,20261130,gaussian_mixture,64,25,32,19,0.59375,0.6,0.0,0.0,0.05,0.01,1e-05,2.48046875,0.609375,9,low,0.6566082239151001,0.4142865538597107,3.732825928889213
2.0,20261130,sparse,64,25,32,16,0.5,0.5025641025641026,0.0,0.0,0.05,0.01,1e-05,2.48046875,0.609375,9,low,0.6566082239151001,0.4142865538597107,3.732825928889213
2.0,20261130,joint_trajectory,64,25,32,14,0.4375,0.4646153846153846,0.0,0.0,0.05,0.01,1e-05,2.48046875,0.609375,9,low,0.6566082239151001,0.4142865538597107,3.732825928889213
2.0,20261130,nasr_dot,64,25,32,19,0.59375,0.5897435897435896,0.0,0.0,0.05,0.01,1e-05,2.48046875,0.609375,9,high,0.8792012929916382,0.48678523302078247,2.4886198320585198
2.0,20261130,centered_dot,64,25,32,19,0.59375,0.5610256410256411,0.0,0.0,0.05,0.01,1e-05,2.48046875,0.609375,9,high,0.8792012929916382,0.48678523302078247,2.4886198320585198
2.0,20261130,gaussian_mixture,64,25,32,20,0.625,0.5733333333333334,0.0,0.0,0.05,0.01,1e-05,2.48046875,0.609375,9,high,0.8792012929916382,0.48678523302078247,2.4886198320585198
2.0,20261130,sparse,64,25,32,15,0.46875,0.4902564102564103,0.0,0.0,0.05,0.01,1e-05,2.48046875,0.609375,9,high,0.8792012929916382,0.48678523302078247,2.4886198320585198
2.0,20261130,joint_trajectory,64,25,32,15,0.46875,0.4666666666666667,0.0,0.0,0.05,0.01,1e-05,2.48046875,0.609375,9,high,0.8792012929916382,0.48678523302078247,2.4886198320585198
2.0,20261131,nasr_dot,64,30,32,12,0.375,0.37941176470588234,0.0,0.0,0.05,0.01,1e-05,3.08203125,0.609375,10,low,0.6292111277580261,0.4149121344089508,3.789483432319335
2.0,20261131,centered_dot,64,30,32,13,0.40625,0.39803921568627454,0.0,0.0,0.05,0.01,1e-05,3.08203125,0.609375,10,low,0.6292111277580261,0.4149121344089508,3.789483432319335
2.0,20261131,gaussian_mixture,64,30,32,12,0.375,0.3911764705882353,0.0,0.0,0.05,0.01,1e-05,3.08203125,0.609375,10,low,0.6292111277580261,0.4149121344089508,3.789483432319335
2.0,20261131,sparse,64,30,32,15,0.46875,0.4882352941176471,0.0,0.0,0.05,0.01,1e-05,3.08203125,0.609375,10,low,0.6292111277580261,0.4149121344089508,3.789483432319335
2.0,20261131,joint_trajectory,64,30,32,18,0.5625,0.5235294117647058,0.0,0.0,0.05,0.01,1e-05,3.08203125,0.609375,10,low,0.6292111277580261,0.4149121344089508,3.789483432319335
2.0,20261131,nasr_dot,64,30,32,19,0.59375,0.5558823529411764,0.0,0.0,0.05,0.01,1e-05,3.08203125,0.6171875,10,high,0.855431079864502,0.48003703355789185,2.6087869755456388
2.0,20261131,centered_dot,64,30,32,15,0.46875,0.49411764705882355,0.0,0.0,0.05,0.01,1e-05,3.08203125,0.6171875,10,high,0.855431079864502,0.48003703355789185,2.6087869755456388
2.0,20261131,gaussian_mixture,64,30,32,15,0.46875,0.49607843137254903,0.0,0.0,0.05,0.01,1e-05,3.08203125,0.6171875,10,high,0.855431079864502,0.48003703355789185,2.6087869755456388
2.0,20261131,sparse,64,30,32,17,0.53125,0.5323529411764707,0.0,0.0,0.05,0.01,1e-05,3.08203125,0.6171875,10,high,0.855431079864502,0.48003703355789185,2.6087869755456388
2.0,20261131,joint_trajectory,64,30,32,18,0.5625,0.5450980392156863,0.0,0.0,0.05,0.01,1e-05,3.08203125,0.6171875,10,high,0.855431079864502,0.48003703355789185,2.6087869755456388
2.0,20261132,nasr_dot,64,28,32,18,0.5625,0.5634920634920635,0.0,0.0,0.05,0.01,1e-05,2.73046875,0.6171875,11,low,0.6252493858337402,0.4116435647010803,3.8276622780035225
2.0,20261132,centered_dot,64,28,32,17,0.53125,0.5128968253968254,0.0,0.0,0.05,0.01,1e-05,2.73046875,0.6171875,11,low,0.6252493858337402,0.4116435647010803,3.8276622780035225
2.0,20261132,gaussian_mixture,64,28,32,17,0.53125,0.5128968253968254,0.0,0.0,0.05,0.01,1e-05,2.73046875,0.6171875,11,low,0.6252493858337402,0.4116435647010803,3.8276622780035225
2.0,20261132,sparse,64,28,32,14,0.4375,0.43253968253968256,0.0,0.0,0.05,0.01,1e-05,2.73046875,0.6171875,11,low,0.6252493858337402,0.4116435647010803,3.8276622780035225
2.0,20261132,joint_trajectory,64,28,32,17,0.53125,0.5138888888888888,0.0,0.0,0.05,0.01,1e-05,2.73046875,0.6171875,11,low,0.6252493858337402,0.4116435647010803,3.8276622780035225
2.0,20261132,nasr_dot,64,28,32,16,0.5,0.4950396825396825,0.0,0.0,0.05,0.01,1e-05,2.73046875,0.6328125,11,high,0.8434293866157532,0.520111083984375,2.4671737907960027
2.0,20261132,centered_dot,64,28,32,16,0.5,0.5386904761904762,0.0,0.0,0.05,0.01,1e-05,2.73046875,0.6328125,11,high,0.8434293866157532,0.520111083984375,2.4671737907960027
2.0,20261132,gaussian_mixture,64,28,32,18,0.5625,0.5575396825396826,0.0,0.0,0.05,0.01,1e-05,2.73046875,0.6328125,11,high,0.8434293866157532,0.520111083984375,2.4671737907960027
2.0,20261132,sparse,64,28,32,18,0.5625,0.5109126984126984,0.0,0.0,0.05,0.01,1e-05,2.73046875,0.6328125,11,high,0.8434293866157532,0.520111083984375,2.4671737907960027
2.0,20261132,joint_trajectory,64,28,32,18,0.5625,0.5555555555555556,0.0,0.0,0.05,0.01,1e-05,2.73046875,0.6328125,11,high,0.8434293866157532,0.520111083984375,2.4671737907960027
2.0,20261133,nasr_dot,64,32,32,21,0.65625,0.5947265625,0.0,0.0,0.05,0.01,1e-05,3.19140625,0.609375,12,low,0.6432855725288391,0.4167684018611908,3.7972158484700205
2.0,20261133,centered_dot,64,32,32,13,0.40625,0.4853515625,0.0,0.0,0.05,0.01,1e-05,3.19140625,0.609375,12,low,0.6432855725288391,0.4167684018611908,3.7972158484700205
2.0,20261133,gaussian_mixture,64,32,32,15,0.46875,0.4892578125,0.0,0.0,0.05,0.01,1e-05,3.19140625,0.609375,12,low,0.6432855725288391,0.4167684018611908,3.7972158484700205
2.0,20261133,sparse,64,32,32,15,0.46875,0.501953125,0.0,0.0,0.05,0.01,1e-05,3.19140625,0.609375,12,low,0.6432855725288391,0.4167684018611908,3.7972158484700205
2.0,20261133,joint_trajectory,64,32,32,15,0.46875,0.5048828125,0.0,0.0,0.05,0.01,1e-05,3.19140625,0.609375,12,low,0.6432855725288391,0.4167684018611908,3.7972158484700205
2.0,20261133,nasr_dot,64,32,32,14,0.4375,0.4599609375,0.0,0.0,0.05,0.01,1e-05,3.19140625,0.609375,12,high,0.8740822672843933,0.48911213874816895,2.4985150133100023
2.0,20261133,centered_dot,64,32,32,18,0.5625,0.4716796875,0.0,0.0,0.05,0.01,1e-05,3.19140625,0.609375,12,high,0.8740822672843933,0.48911213874816895,2.4985150133100023
2.0,20261133,gaussian_mixture,64,32,32,15,0.46875,0.4658203125,0.0,0.0,0.05,0.01,1e-05,3.19140625,0.609375,12,high,0.8740822672843933,0.48911213874816895,2.4985150133100023
2.0,20261133,sparse,64,32,32,16,0.5,0.4970703125,0.0,0.0,0.05,0.01,1e-05,3.19140625,0.609375,12,high,0.8740822672843933,0.48911213874816895,2.4985150133100023
2.0,20261133,joint_trajectory,64,32,32,18,0.5625,0.5556640625,0.0,0.0,0.05,0.01,1e-05,3.19140625,0.609375,12,high,0.8740822672843933,0.48911213874816895,2.4985150133100023
2.0,20261134,nasr_dot,64,33,32,20,0.625,0.6148582600195504,0.0,0.0,0.05,0.01,1e-05,3.2109375,0.609375,13,low,0.6329540610313416,0.3991990387439728,3.940587778181375
2.0,20261134,centered_dot,64,33,32,20,0.625,0.6138807429130009,0.0,0.0,0.05,0.01,1e-05,3.2109375,0.609375,13,low,0.6329540610313416,0.3991990387439728,3.940587778181375
2.0,20261134,gaussian_mixture,64,33,32,19,0.59375,0.6050830889540566,0.0,0.0,0.05,0.01,1e-05,3.2109375,0.609375,13,low,0.6329540610313416,0.3991990387439728,3.940587778181375
2.0,20261134,sparse,64,33,32,17,0.53125,0.5317693059628543,0.0,0.0,0.05,0.01,1e-05,3.2109375,0.609375,13,low,0.6329540610313416,0.3991990387439728,3.940587778181375
2.0,20261134,joint_trajectory,64,33,32,20,0.625,0.6422287390029325,0.0,0.0,0.05,0.01,1e-05,3.2109375,0.609375,13,low,0.6329540610313416,0.3991990387439728,3.940587778181375
2.0,20261134,nasr_dot,64,33,32,16,0.5,0.49071358748778104,0.0,0.0,0.05,0.01,1e-05,3.2109375,0.609375,13,high,0.8672899007797241,0.4812500774860382,2.553337696135876
2.0,20261134,centered_dot,64,33,32,14,0.4375,0.5063538611925709,0.0,0.0,0.05,0.01,1e-05,3.2109375,0.609375,13,high,0.8672899007797241,0.4812500774860382,2.553337696135876
2.0,20261134,gaussian_mixture,64,33,32,16,0.5,0.5112414467253177,0.0,0.0,0.05,0.01,1e-05,3.2109375,0.609375,13,high,0.8672899007797241,0.4812500774860382,2.553337696135876
2.0,20261134,sparse,64,33,32,20,0.625,0.6500488758553276,0.0,0.0,0.05,0.01,1e-05,3.2109375,0.609375,13,high,0.8672899007797241,0.4812500774860382,2.553337696135876
2.0,20261134,joint_trajectory,64,33,32,20,0.625,0.5620723362658846,0.0,0.0,0.05,0.01,1e-05,3.2109375,0.609375,13,high,0.8672899007797241,0.4812500774860382,2.553337696135876
2.0,20261135,nasr_dot,64,37,32,18,0.5625,0.5445445445445445,0.0,0.0,0.05,0.01,1e-05,3.72265625,0.6171875,14,low,0.6300907731056213,0.41143563389778137,3.853699137172535
2.0,20261135,centered_dot,64,37,32,13,0.40625,0.4134134134134134,0.0,0.0,0.05,0.01,1e-05,3.72265625,0.6171875,14,low,0.6300907731056213,0.41143563389778137,3.853699137172535
2.0,20261135,gaussian_mixture,64,37,32,13,0.40625,0.44544544544544545,0.0,0.0,0.05,0.01,1e-05,3.72265625,0.6171875,14,low,0.6300907731056213,0.41143563389778137,3.853699137172535
2.0,20261135,sparse,64,37,32,12,0.375,0.4244244244244245,0.0,0.0,0.05,0.01,1e-05,3.72265625,0.6171875,14,low,0.6300907731056213,0.41143563389778137,3.853699137172535
2.0,20261135,joint_trajectory,64,37,32,12,0.375,0.4394394394394395,0.0,0.0,0.05,0.01,1e-05,3.72265625,0.6171875,14,low,0.6300907731056213,0.41143563389778137,3.853699137172535
2.0,20261135,nasr_dot,64,37,32,16,0.5,0.5025025025025025,0.0,0.0,0.05,0.01,1e-05,3.72265625,0.609375,14,high,0.84148770570755,0.504582405090332,2.544024538292103
2.0,20261135,centered_dot,64,37,32,14,0.4375,0.4494494494494494,0.0,0.0,0.05,0.01,1e-05,3.72265625,0.609375,14,high,0.84148770570755,0.504582405090332,2.544024538292103
2.0,20261135,gaussian_mixture,64,37,32,14,0.4375,0.47547547547547553,0.0,0.0,0.05,0.01,1e-05,3.72265625,0.609375,14,high,0.84148770570755,0.504582405090332,2.544024538292103
2.0,20261135,sparse,64,37,32,14,0.4375,0.4594594594594595,0.0,0.0,0.05,0.01,1e-05,3.72265625,0.609375,14,high,0.84148770570755,0.504582405090332,2.544024538292103
2.0,20261135,joint_trajectory,64,37,32,13,0.40625,0.44244244244244246,0.0,0.0,0.05,0.01,1e-05,3.72265625,0.609375,14,high,0.84148770570755,0.504582405090332,2.544024538292103
2.0,20261136,nasr_dot,64,25,32,15,0.46875,0.4820512820512821,0.0,0.0,0.05,0.01,1e-05,2.515625,0.6171875,15,low,0.6207007169723511,0.4031495451927185,3.9719728213262626
2.0,20261136,centered_dot,64,25,32,16,0.5,0.5056410256410256,0.0,0.0,0.05,0.01,1e-05,2.515625,0.6171875,15,low,0.6207007169723511,0.4031495451927185,3.9719728213262626
2.0,20261136,gaussian_mixture,64,25,32,16,0.5,0.5066666666666667,0.0,0.0,0.05,0.01,1e-05,2.515625,0.6171875,15,low,0.6207007169723511,0.4031495451927185,3.9719728213262626
2.0,20261136,sparse,64,25,32,19,0.59375,0.5651282051282052,0.0,0.0,0.05,0.01,1e-05,2.515625,0.6171875,15,low,0.6207007169723511,0.4031495451927185,3.9719728213262626
2.0,20261136,joint_trajectory,64,25,32,19,0.59375,0.5805128205128206,0.0,0.0,0.05,0.01,1e-05,2.515625,0.6171875,15,low,0.6207007169723511,0.4031495451927185,3.9719728213262626
2.0,20261136,nasr_dot,64,25,32,16,0.5,0.5928205128205128,0.0,0.0,0.05,0.01,1e-05,2.515625,0.609375,15,high,0.8722537755966187,0.4853208661079407,2.5234592048521027
2.0,20261136,centered_dot,64,25,32,16,0.5,0.5579487179487179,0.0,0.0,0.05,0.01,1e-05,2.515625,0.609375,15,high,0.8722537755966187,0.4853208661079407,2.5234592048521027
2.0,20261136,gaussian_mixture,64,25,32,20,0.625,0.5856410256410256,0.0,0.0,0.05,0.01,1e-05,2.515625,0.609375,15,high,0.8722537755966187,0.4853208661079407,2.5234592048521027
2.0,20261136,sparse,64,25,32,16,0.5,0.4758974358974359,0.0,0.0,0.05,0.01,1e-05,2.515625,0.609375,15,high,0.8722537755966187,0.4853208661079407,2.5234592048521027
2.0,20261136,joint_trajectory,64,25,32,15,0.46875,0.44307692307692315,0.0,0.0,0.05,0.01,1e-05,2.515625,0.609375,15,high,0.8722537755966187,0.4853208661079407,2.5234592048521027
2.0,20261137,nasr_dot,64,35,32,14,0.4375,0.4610837438423645,0.0,0.0,0.05,0.01,1e-05,3.36328125,0.625,16,low,0.6307695508003235,0.40452656149864197,3.8851158005257123
2.0,20261137,centered_dot,64,35,32,21,0.65625,0.6364532019704433,0.0,0.0,0.05,0.01,1e-05,3.36328125,0.625,16,low,0.6307695508003235,0.40452656149864197,3.8851158005257123
2.0,20261137,gaussian_mixture,64,35,32,21,0.65625,0.6413793103448275,0.0,0.0,0.05,0.01,1e-05,3.36328125,0.625,16,low,0.6307695508003235,0.40452656149864197,3.8851158005257123
2.0,20261137,sparse,64,35,32,21,0.65625,0.6305418719211822,0.0,0.0,0.05,0.01,1e-05,3.36328125,0.625,16,low,0.6307695508003235,0.40452656149864197,3.8851158005257123
2.0,20261137,joint_trajectory,64,35,32,22,0.6875,0.6788177339901478,0.0,0.0,0.05,0.01,1e-05,3.36328125,0.625,16,low,0.6307695508003235,0.40452656149864197,3.8851158005257123
2.0,20261137,nasr_dot,64,35,32,18,0.5625,0.5556650246305419,0.0,0.0,0.05,0.01,1e-05,3.36328125,0.6015625,16,high,0.8688533902168274,0.4857185482978821,2.5455136903996056
2.0,20261137,centered_dot,64,35,32,14,0.4375,0.47881773399014776,0.0,0.0,0.05,0.01,1e-05,3.36328125,0.6015625,16,high,0.8688533902168274,0.4857185482978821,2.5455136903996056
2.0,20261137,gaussian_mixture,64,35,32,15,0.46875,0.4620689655172414,0.0,0.0,0.05,0.01,1e-05,3.36328125,0.6015625,16,high,0.8688533902168274,0.4857185482978821,2.5455136903996056
2.0,20261137,sparse,64,35,32,13,0.40625,0.43546798029556644,0.0,0.0,0.05,0.01,1e-05,3.36328125,0.6015625,16,high,0.8688533902168274,0.4857185482978821,2.5455136903996056
2.0,20261137,joint_trajectory,64,35,32,15,0.46875,0.470935960591133,0.0,0.0,0.05,0.01,1e-05,3.36328125,0.6015625,16,high,0.8688533902168274,0.4857185482978821,2.5455136903996056
2.0,20261138,nasr_dot,64,32,32,19,0.59375,0.580078125,0.0,0.0,0.05,0.01,1e-05,3.1171875,0.6171875,17,low,0.628441333770752,0.4038134515285492,3.932841334035799
2.0,20261138,centered_dot,64,32,32,16,0.5,0.517578125,0.0,0.0,0.05,0.01,1e-05,3.1171875,0.6171875,17,low,0.628441333770752,0.4038134515285492,3.932841334035799
2.0,20261138,gaussian_mixture,64,32,32,17,0.53125,0.5390625,0.0,0.0,0.05,0.01,1e-05,3.1171875,0.6171875,17,low,0.628441333770752,0.4038134515285492,3.932841334035799
2.0,20261138,sparse,64,32,32,15,0.46875,0.404296875,0.0,0.0,0.05,0.01,1e-05,3.1171875,0.6171875,17,low,0.628441333770752,0.4038134515285492,3.932841334035799
2.0,20261138,joint_trajectory,64,32,32,13,0.40625,0.4072265625,0.0,0.0,0.05,0.01,1e-05,3.1171875,0.6171875,17,low,0.628441333770752,0.4038134515285492,3.932841334035799
2.0,20261138,nasr_dot,64,32,32,16,0.5,0.50390625,0.0,0.0,0.05,0.01,1e-05,3.1171875,0.6171875,17,high,0.8447175621986389,0.47465404868125916,2.669282722038283
2.0,20261138,centered_dot,64,32,32,15,0.46875,0.53125,0.0,0.0,0.05,0.01,1e-05,3.1171875,0.6171875,17,high,0.8447175621986389,0.47465404868125916,2.669282722038283
2.0,20261138,gaussian_mixture,64,32,32,16,0.5,0.5390625,0.0,0.0,0.05,0.01,1e-05,3.1171875,0.6171875,17,high,0.8447175621986389,0.47465404868125916,2.669282722038283
2.0,20261138,sparse,64,32,32,13,0.40625,0.46875,0.0,0.0,0.05,0.01,1e-05,3.1171875,0.6171875,17,high,0.8447175621986389,0.47465404868125916,2.669282722038283
2.0,20261138,joint_trajectory,64,32,32,16,0.5,0.50390625,0.0,0.0,0.05,0.01,1e-05,3.1171875,0.6171875,17,high,0.8447175621986389,0.47465404868125916,2.669282722038283
2.0,20261139,nasr_dot,64,33,32,16,0.5,0.46627565982404695,0.0,0.0,0.05,0.01,1e-05,3.32421875,0.6328125,18,low,0.625203549861908,0.40699678659439087,3.87747637478538
2.0,20261139,centered_dot,64,33,32,16,0.5,0.4789833822091887,0.0,0.0,0.05,0.01,1e-05,3.32421875,0.6328125,18,low,0.625203549861908,0.40699678659439087,3.87747637478538
2.0,20261139,gaussian_mixture,64,33,32,13,0.40625,0.4310850439882698,0.0,0.0,0.05,0.01,1e-05,3.32421875,0.6328125,18,low,0.625203549861908,0.40699678659439087,3.87747637478538
2.0,20261139,sparse,64,33,32,15,0.46875,0.4496578690127077,0.0,0.0,0.05,0.01,1e-05,3.32421875,0.6328125,18,low,0.625203549861908,0.40699678659439087,3.87747637478538
2.0,20261139,joint_trajectory,64,33,32,15,0.46875,0.4369501466275659,0.0,0.0,0.05,0.01,1e-05,3.32421875,0.6328125,18,low,0.625203549861908,0.40699678659439087,3.87747637478538
2.0,20261139,nasr_dot,64,33,32,16,0.5,0.509286412512219,0.0,0.0,0.05,0.01,1e-05,3.32421875,0.625,18,high,0.8346726298332214,0.5128399729728699,2.525960280136033
2.0,20261139,centered_dot,64,33,32,16,0.5,0.48778103616813295,0.0,0.0,0.05,0.01,1e-05,3.32421875,0.625,18,high,0.8346726298332214,0.5128399729728699,2.525960280136033
2.0,20261139,gaussian_mixture,64,33,32,14,0.4375,0.4672531769305963,0.0,0.0,0.05,0.01,1e-05,3.32421875,0.625,18,high,0.8346726298332214,0.5128399729728699,2.525960280136033
2.0,20261139,sparse,64,33,32,12,0.375,0.3812316715542522,0.0,0.0,0.05,0.01,1e-05,3.32421875,0.625,18,high,0.8346726298332214,0.5128399729728699,2.525960280136033
2.0,20261139,joint_trajectory,64,33,32,17,0.53125,0.541544477028348,0.0,0.0,0.05,0.01,1e-05,3.32421875,0.625,18,high,0.8346726298332214,0.5128399729728699,2.525960280136033
2.0,20261140,nasr_dot,64,29,32,18,0.5625,0.5566502463054188,0.0,0.0,0.05,0.01,1e-05,2.890625,0.625,19,low,0.6361001133918762,0.39767298102378845,3.9514196205465995
2.0,20261140,centered_dot,64,29,32,21,0.65625,0.5743842364532019,0.0,0.0,0.05,0.01,1e-05,2.890625,0.625,19,low,0.6361001133918762,0.39767298102378845,3.9514196205465995
2.0,20261140,gaussian_mixture,64,29,32,21,0.65625,0.5901477832512316,0.0,0.0,0.05,0.01,1e-05,2.890625,0.625,19,low,0.6361001133918762,0.39767298102378845,3.9514196205465995
2.0,20261140,sparse,64,29,32,17,0.53125,0.5428571428571429,0.0,0.0,0.05,0.01,1e-05,2.890625,0.625,19,low,0.6361001133918762,0.39767298102378845,3.9514196205465995
2.0,20261140,joint_trajectory,64,29,32,17,0.53125,0.5960591133004927,0.0,0.0,0.05,0.01,1e-05,2.890625,0.625,19,low,0.6361001133918762,0.39767298102378845,3.9514196205465995
2.0,20261140,nasr_dot,64,29,32,20,0.625,0.6216748768472907,0.0,0.0,0.05,0.01,1e-05,2.890625,0.609375,19,high,0.8507686257362366,0.4707604646682739,2.634913672233492
2.0,20261140,centered_dot,64,29,32,18,0.5625,0.5645320197044335,0.0,0.0,0.05,0.01,1e-05,2.890625,0.609375,19,high,0.8507686257362366,0.4707604646682739,2.634913672233492
2.0,20261140,gaussian_mixture,64,29,32,18,0.5625,0.5645320197044336,0.0,0.0,0.05,0.01,1e-05,2.890625,0.609375,19,high,0.8507686257362366,0.4707604646682739,2.634913672233492
2.0,20261140,sparse,64,29,32,13,0.40625,0.3921182266009853,0.0,0.0,0.05,0.01,1e-05,2.890625,0.609375,19,high,0.8507686257362366,0.4707604646682739,2.634913672233492
2.0,20261140,joint_trajectory,64,29,32,12,0.375,0.41970443349753694,0.0,0.0,0.05,0.01,1e-05,2.890625,0.609375,19,high,0.8507686257362366,0.4707604646682739,2.634913672233492
