comparison,clip,sigma,other_sigma,batch_size,other_batch_size,steps,left_method,right_method,delta_auc,bootstrap_ci_low,bootstrap_ci_high,holdout_pairs,bootstrap_repetitions
GAUSSPROOF minus raw alignment,0.1,2.0,2.0,8,8,64,trajectory_mixture,raw_alignment,-0.0014062499999999423,-0.003877382258758904,0.0010648822587590195,80,2000
GAUSSPROOF minus raw alignment,0.1,2.0,2.0,8,8,128,trajectory_mixture,raw_alignment,0.0,-9.61130115078433e-17,9.61130115078433e-17,80,2000
GAUSSPROOF minus raw alignment,0.1,4.0,4.0,8,8,64,trajectory_mixture,raw_alignment,0.0012499999999999734,-0.004698925496289688,0.0071989254962896345,80,2000
GAUSSPROOF minus raw alignment,0.1,4.0,4.0,8,8,128,trajectory_mixture,raw_alignment,0.0014062499999999423,-0.0031951185873608755,0.00600761858736076,80,2000
GAUSSPROOF minus raw alignment,0.1,8.0,8.0,8,8,64,trajectory_mixture,raw_alignment,0.00031250000000004885,-0.0044848324981188485,0.005109832498118946,80,2000
GAUSSPROOF minus raw alignment,0.1,8.0,8.0,8,8,128,trajectory_mixture,raw_alignment,0.00015624999999996891,-0.003651482408430176,0.003963982408430114,80,2000
GAUSSPROOF minus raw alignment,0.1,16.0,16.0,8,8,64,trajectory_mixture,raw_alignment,0.00046875000000001776,-0.0028111323991724243,0.00374863239917246,80,2000
GAUSSPROOF minus raw alignment,0.1,16.0,16.0,8,8,128,trajectory_mixture,raw_alignment,0.00046875000000001776,-0.0032145489439093034,0.004152048943909339,80,2000
GAUSSPROOF minus raw alignment,0.1,32.0,32.0,8,8,64,trajectory_mixture,raw_alignment,0.00015624999999996891,-0.0023490054230460213,0.002661505423045959,80,2000
GAUSSPROOF minus raw alignment,0.1,32.0,32.0,8,8,128,trajectory_mixture,raw_alignment,-0.0009375000000000355,-0.0029439833906170242,0.0010689833906169532,80,2000
GAUSSPROOF minus raw alignment,1.0,2.0,2.0,8,8,64,trajectory_mixture,raw_alignment,-0.0007812499999999556,-0.0024842493628105377,0.0009217493628106265,80,2000
GAUSSPROOF minus raw alignment,1.0,2.0,2.0,8,8,128,trajectory_mixture,raw_alignment,0.0,-9.61130115078433e-17,9.61130115078433e-17,80,2000
GAUSSPROOF minus raw alignment,1.0,4.0,4.0,8,8,64,trajectory_mixture,raw_alignment,-0.0006249999999999867,-0.006075484110329635,0.004825484110329662,80,2000
GAUSSPROOF minus raw alignment,1.0,4.0,4.0,8,8,128,trajectory_mixture,raw_alignment,0.0012500000000000844,-0.002259697262686448,0.004759697262686617,80,2000
GAUSSPROOF minus raw alignment,1.0,8.0,8.0,8,8,64,trajectory_mixture,raw_alignment,-0.00015625000000007994,-0.004962795522367615,0.004650295522367455,80,2000
GAUSSPROOF minus raw alignment,1.0,8.0,8.0,8,8,128,trajectory_mixture,raw_alignment,-0.00015625000000007994,-0.00426104351321644,0.00394854351321628,80,2000
GAUSSPROOF minus raw alignment,1.0,16.0,16.0,8,8,64,trajectory_mixture,raw_alignment,0.0,-0.0036872178300683747,0.0036872178300683747,80,2000
GAUSSPROOF minus raw alignment,1.0,16.0,16.0,8,8,128,trajectory_mixture,raw_alignment,-0.0006249999999999867,-0.0035770894168344267,0.0023270894168344533,80,2000
GAUSSPROOF minus raw alignment,1.0,32.0,32.0,8,8,64,trajectory_mixture,raw_alignment,-0.0006249999999999867,-0.003239205828393205,0.0019892058283932316,80,2000
GAUSSPROOF minus raw alignment,1.0,32.0,32.0,8,8,128,trajectory_mixture,raw_alignment,0.0,-0.0025247842714128657,0.0025247842714128657,80,2000
GAUSSPROOF minus raw alignment,1.0,64.0,64.0,8,8,64,trajectory_mixture,raw_alignment,-0.0007812499999999556,-0.003007704489086519,0.0014452044890866079,80,2000
GAUSSPROOF minus raw alignment,1.0,64.0,64.0,8,8,128,trajectory_mixture,raw_alignment,0.00046875000000001776,-0.0014419398041891067,0.002379439804189142,80,2000
GAUSSPROOF minus raw alignment,1.0,128.0,128.0,8,8,64,trajectory_mixture,raw_alignment,-0.0001562499999998579,-0.0017536134343890052,0.0014411134343892895,80,2000
GAUSSPROOF minus raw alignment,1.0,128.0,128.0,8,8,128,trajectory_mixture,raw_alignment,-0.0001562499999998579,-0.00107524565145972,0.0007627456514600042,80,2000
GAUSSPROOF minus raw alignment,4.0,2.0,2.0,8,8,64,trajectory_mixture,raw_alignment,0.0006249999999999867,-0.001999684387187818,0.0032496843871877915,80,2000
GAUSSPROOF minus raw alignment,4.0,2.0,2.0,8,8,128,trajectory_mixture,raw_alignment,0.0,-9.574181122738131e-17,9.574181122738131e-17,80,2000
GAUSSPROOF minus raw alignment,4.0,4.0,4.0,8,8,64,trajectory_mixture,raw_alignment,-0.003593749999999951,-0.009319239568389094,0.002131739568389192,80,2000
GAUSSPROOF minus raw alignment,4.0,4.0,4.0,8,8,128,trajectory_mixture,raw_alignment,-0.0015625000000000222,-0.0073032127942502375,0.004178212794250193,80,2000
GAUSSPROOF minus raw alignment,4.0,8.0,8.0,8,8,64,trajectory_mixture,raw_alignment,-0.0010937500000000044,-0.006530780162097711,0.004343280162097702,80,2000
GAUSSPROOF minus raw alignment,4.0,8.0,8.0,8,8,128,trajectory_mixture,raw_alignment,0.00046874999999990674,-0.004141648980019444,0.005079148980019257,80,2000
GAUSSPROOF minus raw alignment,4.0,16.0,16.0,8,8,64,trajectory_mixture,raw_alignment,-0.0015625000000000222,-0.005708818866103499,0.0025838188661034545,80,2000
GAUSSPROOF minus raw alignment,4.0,16.0,16.0,8,8,128,trajectory_mixture,raw_alignment,0.00015624999999996891,-0.0031652813040587654,0.0034777813040587032,80,2000
GAUSSPROOF minus raw alignment,4.0,32.0,32.0,8,8,64,trajectory_mixture,raw_alignment,0.0,-0.0026698781645269243,0.0026698781645269243,80,2000
GAUSSPROOF minus raw alignment,4.0,32.0,32.0,8,8,128,trajectory_mixture,raw_alignment,0.0,-0.002543563583685023,0.002543563583685023,80,2000
GAUSSPROOF minus raw alignment,16.0,2.0,2.0,8,8,64,trajectory_mixture,raw_alignment,0.00015624999999996891,-0.007900766815240306,0.008213266815240244,80,2000
GAUSSPROOF minus raw alignment,16.0,2.0,2.0,8,8,128,trajectory_mixture,raw_alignment,0.0028124999999999956,-0.007618148446286959,0.01324314844628695,80,2000
GAUSSPROOF minus raw alignment,16.0,4.0,4.0,8,8,64,trajectory_mixture,raw_alignment,0.0025000000000000577,-0.00536144504489167,0.010361445044891785,80,2000
GAUSSPROOF minus raw alignment,16.0,4.0,4.0,8,8,128,trajectory_mixture,raw_alignment,0.0007812500000000666,-0.007435378138876018,0.008997878138876151,80,2000
GAUSSPROOF minus raw alignment,16.0,8.0,8.0,8,8,64,trajectory_mixture,raw_alignment,0.0014062499999999423,-0.004647528466584891,0.007460028466584776,80,2000
GAUSSPROOF minus raw alignment,16.0,8.0,8.0,8,8,128,trajectory_mixture,raw_alignment,-0.0034374999999999822,-0.008692802768133752,0.0018178027681337878,80,2000
GAUSSPROOF minus raw alignment,16.0,16.0,16.0,8,8,64,trajectory_mixture,raw_alignment,0.0010937500000001155,-0.003023632603734204,0.005211132603734435,80,2000
GAUSSPROOF minus raw alignment,16.0,16.0,16.0,8,8,128,trajectory_mixture,raw_alignment,-0.00015624999999996891,-0.0033907324446015748,0.003078232444601637,80,2000
GAUSSPROOF minus raw alignment,16.0,32.0,32.0,8,8,64,trajectory_mixture,raw_alignment,-0.0015625000000001332,-0.004159562132623092,0.0010345621326228248,80,2000
GAUSSPROOF minus raw alignment,16.0,32.0,32.0,8,8,128,trajectory_mixture,raw_alignment,0.00046875000000001776,-0.002818203567747282,0.0037557035677473175,80,2000
GAUSSPROOF minus raw alignment,1.0,32.0,32.0,32,32,64,trajectory_mixture,raw_alignment,0.00031249999999993783,-0.0015313941316469628,0.0021563941316468382,80,2000
GAUSSPROOF minus raw alignment,1.0,32.0,32.0,32,32,128,trajectory_mixture,raw_alignment,0.00031250000000004885,-0.002016452135037328,0.0026414521350374255,80,2000
GAUSSPROOF minus raw alignment,1.0,64.0,64.0,64,64,64,trajectory_mixture,raw_alignment,-0.0004687500000001288,-0.002215499157937161,0.0012779991579369033,80,2000
GAUSSPROOF minus raw alignment,1.0,64.0,64.0,64,64,128,trajectory_mixture,raw_alignment,-0.00031249999999993783,-0.001883028329893536,0.0012580283298936604,80,2000
GAUSSPROOF minus raw alignment,1.0,128.0,128.0,128,128,64,trajectory_mixture,raw_alignment,0.00015624999999996891,-0.0008512599281278285,0.0011637599281277664,80,2000
GAUSSPROOF minus raw alignment,1.0,128.0,128.0,128,128,128,trajectory_mixture,raw_alignment,0.00046875000000001776,-0.0005409968545545651,0.0014784968545546006,80,2000
higher noise minus lower noise,0.1,4.0,2.0,8,8,64,trajectory_mixture,trajectory_mixture,-0.07359375000000012,-0.1018046385375058,-0.04538286146249444,80,2000
higher noise minus lower noise,0.1,4.0,2.0,8,8,128,trajectory_mixture,trajectory_mixture,-0.03546874999999994,-0.055749704396971064,-0.015187795603028808,80,2000
higher noise minus lower noise,0.1,8.0,4.0,8,8,64,trajectory_mixture,trajectory_mixture,-0.15703124999999996,-0.17262263936550015,-0.14143986063449976,80,2000
higher noise minus lower noise,0.1,8.0,4.0,8,8,128,trajectory_mixture,trajectory_mixture,-0.15359375000000008,-0.1758193712741175,-0.13136812872588266,80,2000
higher noise minus lower noise,0.1,16.0,8.0,8,8,64,trajectory_mixture,trajectory_mixture,-0.125,-0.1434205007390898,-0.1065794992609102,80,2000
higher noise minus lower noise,0.1,16.0,8.0,8,8,128,trajectory_mixture,trajectory_mixture,-0.14234375,-0.16019195914693785,-0.12449554085306214,80,2000
higher noise minus lower noise,0.1,32.0,16.0,8,8,64,trajectory_mixture,trajectory_mixture,-0.06312499999999999,-0.07761491473112077,-0.048635085268879205,80,2000
higher noise minus lower noise,0.1,32.0,16.0,8,8,128,trajectory_mixture,trajectory_mixture,-0.0809375,-0.09672536600728524,-0.06514963399271476,80,2000
higher noise minus lower noise,1.0,4.0,2.0,8,8,64,trajectory_mixture,trajectory_mixture,-0.07374999999999998,-0.10257733219900436,-0.0449226678009956,80,2000
higher noise minus lower noise,1.0,4.0,2.0,8,8,128,trajectory_mixture,trajectory_mixture,-0.03765625000000006,-0.05821823134648259,-0.01709426865351753,80,2000
higher noise minus lower noise,1.0,8.0,4.0,8,8,64,trajectory_mixture,trajectory_mixture,-0.16031249999999997,-0.17761010434629432,-0.14301489565370562,80,2000
higher noise minus lower noise,1.0,8.0,4.0,8,8,128,trajectory_mixture,trajectory_mixture,-0.1567187499999999,-0.179972226527372,-0.13346527347262782,80,2000
higher noise minus lower noise,1.0,16.0,8.0,8,8,64,trajectory_mixture,trajectory_mixture,-0.12437500000000012,-0.14849481788932217,-0.10025518211067808,80,2000
higher noise minus lower noise,1.0,16.0,8.0,8,8,128,trajectory_mixture,trajectory_mixture,-0.1484375,-0.1731058388250385,-0.12376916117496149,80,2000
higher noise minus lower noise,1.0,32.0,16.0,8,8,64,trajectory_mixture,trajectory_mixture,-0.06734374999999992,-0.08569037662546591,-0.048997123374533935,80,2000
higher noise minus lower noise,1.0,32.0,16.0,8,8,128,trajectory_mixture,trajectory_mixture,-0.07859375000000002,-0.10002389675821047,-0.05716360324178957,80,2000
higher noise minus lower noise,1.0,64.0,32.0,8,8,64,trajectory_mixture,trajectory_mixture,-0.03187499999999999,-0.04691202605648767,-0.016837973943512302,80,2000
higher noise minus lower noise,1.0,64.0,32.0,8,8,128,trajectory_mixture,trajectory_mixture,-0.034375000000000044,-0.051947448857859534,-0.016802551142140555,80,2000
higher noise minus lower noise,1.0,128.0,64.0,8,8,64,trajectory_mixture,trajectory_mixture,-0.01734374999999999,-0.028801458462132907,-0.005886041537867075,80,2000
higher noise minus lower noise,1.0,128.0,64.0,8,8,128,trajectory_mixture,trajectory_mixture,-0.022343749999999885,-0.0345582615698095,-0.010129238430190275,80,2000
higher noise minus lower noise,4.0,4.0,2.0,8,8,64,trajectory_mixture,trajectory_mixture,-0.07781250000000006,-0.10744875611829816,-0.04817624388170197,80,2000
higher noise minus lower noise,4.0,4.0,2.0,8,8,128,trajectory_mixture,trajectory_mixture,-0.04921874999999998,-0.07460845653596643,-0.02382904346403353,80,2000
higher noise minus lower noise,4.0,8.0,4.0,8,8,64,trajectory_mixture,trajectory_mixture,-0.193125,-0.22339926726961626,-0.16285073273038372,80,2000
higher noise minus lower noise,4.0,8.0,4.0,8,8,128,trajectory_mixture,trajectory_mixture,-0.17109375000000004,-0.19996951277260444,-0.14221798722739565,80,2000
higher noise minus lower noise,4.0,16.0,8.0,8,8,64,trajectory_mixture,trajectory_mixture,-0.10687500000000005,-0.14245476643675642,-0.07129523356324369,80,2000
higher noise minus lower noise,4.0,16.0,8.0,8,8,128,trajectory_mixture,trajectory_mixture,-0.13406249999999997,-0.17971837397818596,-0.08840662602181397,80,2000
higher noise minus lower noise,4.0,32.0,16.0,8,8,64,trajectory_mixture,trajectory_mixture,-0.053906250000000044,-0.08511079106862901,-0.02270170893137108,80,2000
higher noise minus lower noise,4.0,32.0,16.0,8,8,128,trajectory_mixture,trajectory_mixture,-0.06937500000000008,-0.10052414979915697,-0.03822585020084318,80,2000
higher noise minus lower noise,16.0,4.0,2.0,8,8,64,trajectory_mixture,trajectory_mixture,-0.07874999999999999,-0.12679707501396853,-0.030702924986031457,80,2000
higher noise minus lower noise,16.0,4.0,2.0,8,8,128,trajectory_mixture,trajectory_mixture,-0.03328124999999993,-0.09081240860489523,0.024249908604895377,80,2000
higher noise minus lower noise,16.0,8.0,4.0,8,8,64,trajectory_mixture,trajectory_mixture,-0.06687500000000002,-0.12065628925727695,-0.013093710742723093,80,2000
higher noise minus lower noise,16.0,8.0,4.0,8,8,128,trajectory_mixture,trajectory_mixture,-0.13250000000000006,-0.19623913414608335,-0.06876086585391677,80,2000
higher noise minus lower noise,16.0,16.0,8.0,8,8,64,trajectory_mixture,trajectory_mixture,-0.0753124999999999,-0.12007859356062678,-0.03054640643937301,80,2000
higher noise minus lower noise,16.0,16.0,8.0,8,8,128,trajectory_mixture,trajectory_mixture,-0.12015624999999996,-0.17638346698019097,-0.06392903301980894,80,2000
higher noise minus lower noise,16.0,32.0,16.0,8,8,64,trajectory_mixture,trajectory_mixture,-0.04906250000000023,-0.10012149190360377,0.0019964919036033063,80,2000
higher noise minus lower noise,16.0,32.0,16.0,8,8,128,trajectory_mixture,trajectory_mixture,-0.0631250000000001,-0.13071813983941039,0.00446813983941019,80,2000
utility-rescue batch minus batch 8,1.0,32.0,32.0,32,8,64,trajectory_mixture,trajectory_mixture,0.00562499999999988,-0.010599022998180569,0.02184902299818033,80,2000
utility-rescue batch minus batch 8,1.0,32.0,32.0,32,8,128,trajectory_mixture,trajectory_mixture,0.007968749999999969,-0.010251854409766906,0.026189354409766843,80,2000
utility-rescue batch minus batch 8,1.0,64.0,64.0,64,8,64,trajectory_mixture,trajectory_mixture,0.0023437499999998668,-0.009520809174843868,0.014208309174843602,80,2000
utility-rescue batch minus batch 8,1.0,64.0,64.0,64,8,128,trajectory_mixture,trajectory_mixture,0.00406250000000008,-0.009638130466877308,0.01776313046687747,80,2000
utility-rescue batch minus batch 8,1.0,128.0,128.0,128,8,64,trajectory_mixture,trajectory_mixture,0.004374999999999907,-0.004975137355014097,0.01372513735501391,80,2000
utility-rescue batch minus batch 8,1.0,128.0,128.0,128,8,128,trajectory_mixture,trajectory_mixture,0.004374999999999796,-0.004240756417406505,0.012990756417406097,80,2000
