clip,sigma,q,steps,epsilon_upper_no_amplification,method,auc,auc_ci_low,auc_ci_high,endpoint_auc,auc_gain_vs_endpoint,gain_ci_low,gain_ci_high,calibrated_holdout_tpr,calibrated_holdout_fpr,true_positives,false_positives,empirical_epsilon_lower_95_marginal,empirical_epsilon_lower_95_familywise,mean_public_accuracy,mean_clipped_fraction,mean_positive_appearances,calibration_pairs,holdout_pairs,delta,batch_size
1.0,32.0,0.5,64,2.5242629560940406,endpoint_logprob_difference,0.57203125,0.5589419326867413,0.5851205673132587,0.57203125,0.0,0.0,0.0,0.0,0.0,0,0,0.0,0.0,0.7199462890625,0.992926025390625,31.275,30,80,1e-05,32
1.0,32.0,0.5,64,2.5242629560940406,last_update,0.5121875,0.5050172352488242,0.5193577647511758,0.57203125,-0.05984374999999997,-0.07441847314741744,-0.04526902685258251,0.0,0.0,0,0,0.0,0.0,0.7199462890625,0.992926025390625,31.275,30,80,1e-05,32
1.0,32.0,0.5,64,2.5242629560940406,raw_alignment,0.57375,0.5619673086060327,0.5855326913939672,0.57203125,0.0017187499999999911,-0.0081171971956793,0.011554697195679283,0.0,0.0,0,0,0.0,0.0,0.7199462890625,0.992926025390625,31.275,30,80,1e-05,32
1.0,32.0,0.5,64,2.5242629560940406,trajectory_mixture,0.5740624999999999,0.5623479564398128,0.585777043560187,0.57203125,0.002031249999999929,-0.007904099251597695,0.011966599251597553,0.0,0.0,0,0,0.0,0.0,0.7199462890625,0.992926025390625,31.275,30,80,1e-05,32
1.0,32.0,0.5,128,3.643070212207556,endpoint_logprob_difference,0.58140625,0.5650894463962713,0.5977230536037287,0.58140625,0.0,0.0,0.0,0.1375,0.1,11,8,0.0,0.0,0.6935791015625,0.9929534912109375,64.1,30,80,1e-05,32
1.0,32.0,0.5,128,3.643070212207556,last_update,0.50921875,0.5015256575945048,0.5169118424054953,0.58140625,-0.07218749999999996,-0.09005901157371299,-0.05431598842628693,0.025,0.025,2,2,0.0,0.0,0.6935791015625,0.9929534912109375,64.1,30,80,1e-05,32
1.0,32.0,0.5,128,3.643070212207556,raw_alignment,0.5862499999999999,0.5715600637676069,0.600939936232393,0.58140625,0.0048437499999999245,-0.005412983689993387,0.015100483689993236,0.0875,0.025,7,2,0.0,0.0,0.6935791015625,0.9929534912109375,64.1,30,80,1e-05,32
1.0,32.0,0.5,128,3.643070212207556,trajectory_mixture,0.5865625,0.5720010208497054,0.6011239791502946,0.58140625,0.005156249999999973,-0.005258534602530365,0.015571034602530311,0.075,0.025,6,2,0.0,0.0,0.6935791015625,0.9929534912109375,64.1,30,80,1e-05,32
1.0,64.0,0.5,64,1.2308814780470203,endpoint_logprob_difference,0.5396875,0.5314969899888814,0.5478780100111186,0.5396875,0.0,0.0,0.0,0.0,0.0,0,0,0.0,0.0,0.720654296875,0.9931869506835938,32.075,30,80,1e-05,64
1.0,64.0,0.5,64,1.2308814780470203,last_update,0.5079687500000001,0.5015314030528366,0.5144060969471635,0.5396875,-0.03171874999999991,-0.041137633176087623,-0.022299866823912187,0.0,0.0,0,0,0.0,0.0,0.720654296875,0.9931869506835938,32.075,30,80,1e-05,64
1.0,64.0,0.5,64,1.2308814780470203,raw_alignment,0.539375,0.5303780302959452,0.5483719697040549,0.5396875,-0.00031249999999993783,-0.00967948003128707,0.009054480031287193,0.0,0.0,0,0,0.0,0.0,0.720654296875,0.9931869506835938,32.075,30,80,1e-05,64
1.0,64.0,0.5,64,1.2308814780470203,trajectory_mixture,0.5389062499999999,0.5301205431398098,0.54769195686019,0.5396875,-0.0007812500000000666,-0.010144620116938119,0.008582120116937986,0.0,0.0,0,0,0.0,0.0,0.720654296875,0.9931869506835938,32.075,30,80,1e-05,64
1.0,64.0,0.5,128,1.759035106103778,endpoint_logprob_difference,0.54296875,0.5343107167299909,0.5516267832700091,0.54296875,0.0,0.0,0.0,0.1,0.0625,8,5,0.0,0.0,0.6936767578125,0.9929580688476562,64.4125,30,80,1e-05,64
1.0,64.0,0.5,128,1.759035106103778,last_update,0.505625,0.4994154776004421,0.5118345223995578,0.54296875,-0.03734375000000001,-0.04750916525727458,-0.02717833474272543,0.1,0.1,8,8,0.0,0.0,0.6936767578125,0.9929580688476562,64.4125,30,80,1e-05,64
1.0,64.0,0.5,128,1.759035106103778,raw_alignment,0.54859375,0.5393802112762878,0.5578072887237122,0.54296875,0.005624999999999991,-0.002947805446258993,0.014197805446258975,0.075,0.0375,6,3,0.0,0.0,0.6936767578125,0.9929580688476562,64.4125,30,80,1e-05,64
1.0,64.0,0.5,128,1.759035106103778,trajectory_mixture,0.54828125,0.5391219113080684,0.5574405886919317,0.54296875,0.005312500000000053,-0.0031097783989742136,0.01373477839897432,0.075,0.0375,6,3,0.0,0.0,0.6936767578125,0.9929580688476562,64.4125,30,80,1e-05,64
1.0,128.0,0.5,64,0.6076282390235102,endpoint_logprob_difference,0.5237499999999999,0.5174778197441241,0.5300221802558758,0.5237499999999999,0.0,0.0,0.0,0.0,0.0,0,0,0.0,0.0,0.720556640625,0.9929145812988281,32.2,30,80,1e-05,128
1.0,128.0,0.5,64,0.6076282390235102,last_update,0.5046875,0.4996795687532211,0.5096954312467787,0.5237499999999999,-0.019062499999999982,-0.026964646252919104,-0.011160353747080859,0.0,0.0,0,0,0.0,0.0,0.720556640625,0.9929145812988281,32.2,30,80,1e-05,128
1.0,128.0,0.5,64,0.6076282390235102,raw_alignment,0.5234375,0.517457597301227,0.529417402698773,0.5237499999999999,-0.00031249999999993783,-0.008280332237918348,0.007655332237918472,0.0,0.0,0,0,0.0,0.0,0.720556640625,0.9929145812988281,32.2,30,80,1e-05,128
1.0,128.0,0.5,64,0.6076282390235102,trajectory_mixture,0.52359375,0.5175413145789673,0.5296461854210326,0.5237499999999999,-0.00015624999999996891,-0.008106892714404448,0.00779439271440451,0.0,0.0,0,0,0.0,0.0,0.720556640625,0.9929145812988281,32.2,30,80,1e-05,128
1.0,128.0,0.5,128,0.863892553051889,endpoint_logprob_difference,0.52625,0.5197961405399111,0.5327038594600889,0.52625,0.0,0.0,0.0,0.1,0.0875,8,7,0.0,0.0,0.693798828125,0.9928680419921875,65.0375,30,80,1e-05,128
1.0,128.0,0.5,128,0.863892553051889,last_update,0.5034375,0.4985811099497302,0.5082938900502698,0.52625,-0.022812500000000013,-0.03089745341237262,-0.014727546587627404,0.1,0.1,8,8,0.0,0.0,0.693798828125,0.9928680419921875,65.0375,30,80,1e-05,128
1.0,128.0,0.5,128,0.863892553051889,raw_alignment,0.5257812499999999,0.5200508702773943,0.5315116297226055,0.52625,-0.0004687500000001288,-0.007633169494558849,0.006695669494558592,0.0375,0.025,3,2,0.0,0.0,0.693798828125,0.9928680419921875,65.0375,30,80,1e-05,128
1.0,128.0,0.5,128,0.863892553051889,trajectory_mixture,0.5262499999999999,0.5204329689814984,0.5320670310185014,0.52625,-1.1102230246251565e-16,-0.007180093859678587,0.007180093859678365,0.0375,0.025,3,2,0.0,0.0,0.693798828125,0.9928680419921875,65.0375,30,80,1e-05,128
