distribution,sigma,comparison,auc_difference,low,high,holdout_clients
natural_writer,4.0,gaussproof_mean_minus_rero_mean,-0.005537974683544333,-0.0107375240693196,-0.00048088877960255906,80
natural_writer,4.0,gaussproof_mean_minus_endpoint_loss,0.0007911392405063333,-0.0035212396171903164,0.00529249327710958,80
natural_writer,4.0,gaussproof_mean_minus_lira_offline_fixed,0.006012658227848133,-0.0029030398771706647,0.013908100550918946,80
natural_writer,4.0,gaussproof_mean_minus_rmia_offline_a1_g2,0.004430379746835467,0.0014334570696380865,0.008349906140327056,80
natural_writer,4.0,gaussproof_mean_minus_rmia_offline_a05_g1,-0.003955696202531667,-0.014297981467675991,0.0027411892159251083,80
natural_writer,4.0,gaussproof_mean_minus_pierre_lira_cdf,-0.02610759493670889,-0.036304781276179955,-0.017361814118856664,80
natural_writer,4.0,gaussproof_mean_minus_pierre_rmia_a05_g1,0.004430379746835467,0.0014334570696380865,0.008349906140327056,80
natural_writer,4.0,gaussproof_max_minus_rero_max,-0.0022151898734177333,-0.007867553605175494,0.0,80
natural_writer,4.0,gaussproof_max_minus_endpoint_loss,-0.0036392405063291333,-0.006418377164849301,-0.0012849135221787572,80
natural_writer,4.0,gaussproof_max_minus_lira_offline_fixed,0.0015822784810126667,-0.00659097959390503,0.009600153698366951,80
natural_writer,4.0,gaussproof_max_minus_rmia_offline_a1_g2,0.0,0.0,0.0,80
natural_writer,4.0,gaussproof_max_minus_rmia_offline_a05_g1,-0.008386075949367133,-0.017366810955998457,-0.0019254838550409297,80
natural_writer,4.0,gaussproof_max_minus_pierre_lira_cdf,-0.030537974683544356,-0.04002330440372871,-0.022550941694804115,80
natural_writer,4.0,gaussproof_max_minus_pierre_rmia_a05_g1,0.0,0.0,0.0,80
iid_mixed,4.0,gaussproof_mean_minus_rero_mean,-0.01795886075949371,-0.030297113552650322,-0.00768577757749007,80
iid_mixed,4.0,gaussproof_mean_minus_endpoint_loss,0.004667721518987311,-0.0019325410423688208,0.010918142922910318,80
iid_mixed,4.0,gaussproof_mean_minus_lira_offline_fixed,0.005300632911392378,-0.005956158428400893,0.017080985786451976,80
iid_mixed,4.0,gaussproof_mean_minus_rmia_offline_a1_g2,0.009889240506329111,0.004150911049103737,0.017275580217152867,80
iid_mixed,4.0,gaussproof_mean_minus_rmia_offline_a05_g1,-0.006012658227848133,-0.019716182605905047,0.006970979263714056,80
iid_mixed,4.0,gaussproof_mean_minus_pierre_lira_cdf,-0.01843354430379751,-0.03231589307413035,-0.0073808444079436295,80
iid_mixed,4.0,gaussproof_mean_minus_pierre_rmia_a05_g1,0.009889240506329111,0.004150911049103737,0.017275580217152867,80
iid_mixed,4.0,gaussproof_max_minus_rero_max,-0.0006329113924050667,-0.0020800666453059643,0.0,80
iid_mixed,4.0,gaussproof_max_minus_endpoint_loss,-0.0052215189873418,-0.008959999999999968,-0.002722613709160826,80
iid_mixed,4.0,gaussproof_max_minus_lira_offline_fixed,-0.004588607594936733,-0.01411040846425135,0.0041945660909794595,80
iid_mixed,4.0,gaussproof_max_minus_rmia_offline_a1_g2,0.0,0.0,0.0,80
iid_mixed,4.0,gaussproof_max_minus_rmia_offline_a05_g1,-0.015901898734177244,-0.027901088940606267,-0.004522843274866556,80
iid_mixed,4.0,gaussproof_max_minus_pierre_lira_cdf,-0.028322784810126622,-0.04020696163200999,-0.020682657779871088,80
iid_mixed,4.0,gaussproof_max_minus_pierre_rmia_a05_g1,0.0,0.0,0.0,80
label_sorted,4.0,gaussproof_mean_minus_rero_mean,-0.010205696202531644,-0.02014485072231133,2.0019218449694566e-06,80
label_sorted,4.0,gaussproof_mean_minus_endpoint_loss,-0.009889240506329111,-0.018584142058427455,-0.00015599999999994316,80
label_sorted,4.0,gaussproof_mean_minus_lira_offline_fixed,0.011155063291139244,-0.008531405592416713,0.02804468261069621,80
label_sorted,4.0,gaussproof_mean_minus_rmia_offline_a1_g2,0.007990506329113911,0.0017650692833989124,0.01632548552628444,80
label_sorted,4.0,gaussproof_mean_minus_rmia_offline_a05_g1,-0.0054588607594936445,-0.018979711786179247,0.004583653357468476,80
label_sorted,4.0,gaussproof_mean_minus_pierre_lira_cdf,-0.03140822784810127,-0.044336468846013326,-0.01933649971843317,80
label_sorted,4.0,gaussproof_mean_minus_pierre_rmia_a05_g1,0.007990506329113911,0.0017650692833989124,0.01632548552628444,80
label_sorted,4.0,gaussproof_max_minus_rero_max,-0.0020569620253164667,-0.006239904192221387,0.0,80
label_sorted,4.0,gaussproof_max_minus_endpoint_loss,-0.017879746835443022,-0.024864249781946603,-0.012640645391387357,80
label_sorted,4.0,gaussproof_max_minus_lira_offline_fixed,0.0031645569620253333,-0.018275234698215185,0.02070229097187863,80
label_sorted,4.0,gaussproof_max_minus_rmia_offline_a1_g2,0.0,0.0,0.0,80
label_sorted,4.0,gaussproof_max_minus_rmia_offline_a05_g1,-0.013449367088607556,-0.02461586514822473,-0.006275760994217999,80
label_sorted,4.0,gaussproof_max_minus_pierre_lira_cdf,-0.03939873417721518,-0.051283805537669064,-0.03015343283941683,80
label_sorted,4.0,gaussproof_max_minus_pierre_rmia_a05_g1,0.0,0.0,0.0,80
