q,steps,method,auc,auc_ci_low,auc_ci_high,expected_inclusions,probability_at_least_one,bootstrap_repetitions,bootstrap_unit
0.5,16,mixture_llr,0.6375,0.6,0.7413124999999999,8.0,0.9999847412109375,500,identity and paired sequence index
0.5,16,endpoint_neg_loss,0.5775,0.56,0.645,8.0,0.9999847412109375,500,identity and paired sequence index
0.5,16,endpoint_confidence,0.5775,0.56,0.645,8.0,0.9999847412109375,500,identity and paired sequence index
0.5,32,mixture_llr,0.6925,0.6475,0.7963125,16.0,0.9999999997671694,500,identity and paired sequence index
0.5,32,endpoint_neg_loss,0.6174999999999999,0.58,0.7050000000000001,16.0,0.9999999997671694,500,identity and paired sequence index
0.5,32,endpoint_confidence,0.6174999999999999,0.58,0.7050000000000001,16.0,0.9999999997671694,500,identity and paired sequence index
0.5,64,mixture_llr,0.74,0.7,0.8225,32.0,1.0,500,identity and paired sequence index
0.5,64,endpoint_neg_loss,0.6775,0.635,0.7913124999999999,32.0,1.0,500,identity and paired sequence index
0.5,64,endpoint_confidence,0.6775,0.635,0.7913124999999999,32.0,1.0,500,identity and paired sequence index
0.5,128,mixture_llr,0.7575000000000001,0.7,0.8513124999999999,64.0,1.0,500,identity and paired sequence index
0.5,128,endpoint_neg_loss,0.6925,0.6486875,0.7838124999999999,64.0,1.0,500,identity and paired sequence index
0.5,128,endpoint_confidence,0.6925,0.6486875,0.7838124999999999,64.0,1.0,500,identity and paired sequence index
0.5,256,mixture_llr,0.855,0.7975,0.9313125,128.0,1.0,500,identity and paired sequence index
0.5,256,endpoint_neg_loss,0.71,0.6475,0.805,128.0,1.0,500,identity and paired sequence index
0.5,256,endpoint_confidence,0.71,0.6475,0.805,128.0,1.0,500,identity and paired sequence index
0.25,16,mixture_llr,0.595,0.5525,0.6888124999999999,4.0,0.9899774042423815,500,identity and paired sequence index
0.25,16,endpoint_neg_loss,0.5625,0.53,0.63,4.0,0.9899774042423815,500,identity and paired sequence index
0.25,16,endpoint_confidence,0.5625,0.53,0.63,4.0,0.9899774042423815,500,identity and paired sequence index
0.25,32,mixture_llr,0.6225,0.5736875,0.7100000000000001,8.0,0.9998995475742793,500,identity and paired sequence index
0.25,32,endpoint_neg_loss,0.585,0.559875,0.6599999999999999,8.0,0.9998995475742793,500,identity and paired sequence index
0.25,32,endpoint_confidence,0.585,0.559875,0.6599999999999999,8.0,0.9998995475742793,500,identity and paired sequence index
0.25,64,mixture_llr,0.6499999999999999,0.6186875,0.7225,16.0,0.9999999899093102,500,identity and paired sequence index
0.25,64,endpoint_neg_loss,0.6100000000000001,0.59,0.6963124999999999,16.0,0.9999999899093102,500,identity and paired sequence index
0.25,64,endpoint_confidence,0.6100000000000001,0.59,0.6963124999999999,16.0,0.9999999899093102,500,identity and paired sequence index
0.25,128,mixture_llr,0.64,0.5986874999999999,0.7238124999999999,32.0,0.9999999999999999,500,identity and paired sequence index
0.25,128,endpoint_neg_loss,0.6074999999999999,0.5775,0.6913124999999999,32.0,0.9999999999999999,500,identity and paired sequence index
0.25,128,endpoint_confidence,0.6074999999999999,0.5775,0.6913124999999999,32.0,0.9999999999999999,500,identity and paired sequence index
0.25,256,mixture_llr,0.6875,0.6486875,0.775,64.0,1.0,500,identity and paired sequence index
0.25,256,endpoint_neg_loss,0.62,0.5925,0.7075,64.0,1.0,500,identity and paired sequence index
0.25,256,endpoint_confidence,0.62,0.5925,0.7075,64.0,1.0,500,identity and paired sequence index
0.1,16,mixture_llr,0.53125,0.46875,0.6038125,1.6,0.8146979811148158,500,identity and paired sequence index
0.1,16,endpoint_neg_loss,0.50125,0.45875,0.55065625,1.6,0.8146979811148158,500,identity and paired sequence index
0.1,16,endpoint_confidence,0.50125,0.45875,0.55065625,1.6,0.8146979811148158,500,identity and paired sequence index
0.1,32,mixture_llr,0.5362499999999999,0.49999999999999994,0.6081562499999998,3.2,0.9656631617970749,500,identity and paired sequence index
0.1,32,endpoint_neg_loss,0.5187499999999999,0.48809375000000005,0.5788125,3.2,0.9656631617970749,500,identity and paired sequence index
0.1,32,endpoint_confidence,0.5187499999999999,0.48809375000000005,0.5788125,3.2,0.9656631617970749,500,identity and paired sequence index
0.1,64,mixture_llr,0.58125,0.5461875,0.65190625,6.4,0.9988209815422261,500,identity and paired sequence index
0.1,64,endpoint_neg_loss,0.56125,0.5187499999999999,0.63440625,6.4,0.9988209815422261,500,identity and paired sequence index
0.1,64,endpoint_confidence,0.56125,0.5187499999999999,0.63440625,6.4,0.9988209815422261,500,identity and paired sequence index
0.1,128,mixture_llr,0.5625,0.5275,0.6213124999999999,12.8,0.9999986099154762,500,identity and paired sequence index
0.1,128,endpoint_neg_loss,0.5325,0.4925,0.5800000000000001,12.8,0.9999986099154762,500,identity and paired sequence index
0.1,128,endpoint_confidence,0.5325,0.4925,0.5800000000000001,12.8,0.9999986099154762,500,identity and paired sequence index
0.1,256,mixture_llr,0.6025,0.5499999999999999,0.6950000000000001,25.6,0.9999999999980677,500,identity and paired sequence index
0.1,256,endpoint_neg_loss,0.575,0.49749999999999994,0.6588124999999999,25.6,0.9999999999980677,500,identity and paired sequence index
0.1,256,endpoint_confidence,0.575,0.49749999999999994,0.6588124999999999,25.6,0.9999999999980677,500,identity and paired sequence index
