q,steps,trajectory_auc,endpoint_auc,trajectory_minus_endpoint,difference_ci_low,difference_ci_high
0.5,16,0.6375,0.5775,0.05999999999999994,-0.010000000000000009,0.14250000000000007
0.5,32,0.6925,0.6174999999999999,0.07500000000000007,0.002375000000000062,0.14881249999999993
0.5,64,0.74,0.6775,0.0625,-0.032624999999999967,0.13762499999999983
0.5,128,0.7575000000000001,0.6925,0.06500000000000006,-0.010000000000000009,0.1499999999999999
0.5,256,0.855,0.71,0.14500000000000002,0.03868749999999996,0.24631250000000002
0.25,16,0.595,0.5625,0.03249999999999997,-0.03500000000000003,0.10750000000000004
0.25,32,0.6225,0.585,0.03750000000000009,-0.019999999999999966,0.09750000000000003
0.25,64,0.6499999999999999,0.6100000000000001,0.039999999999999813,-0.03749999999999998,0.09750000000000003
0.25,128,0.64,0.6074999999999999,0.032500000000000084,-0.03750000000000003,0.10000000000000003
0.25,256,0.6875,0.62,0.0675,-0.012500000000000015,0.13881250000000003
0.1,16,0.53125,0.50125,0.030000000000000027,-0.015000000000000124,0.07631249999999987
0.1,32,0.5362499999999999,0.5187499999999999,0.01749999999999996,-0.007499999999999951,0.05499999999999994
0.1,64,0.58125,0.56125,0.020000000000000018,-0.03881250000000001,0.07500000000000007
0.1,128,0.5625,0.5325,0.030000000000000027,-0.010124999999999947,0.09250000000000008
0.1,256,0.6025,0.575,0.02750000000000008,-0.047625000000000035,0.12250000000000005
