seed,template_index,energy,minimum_sigma_for_tpr_5pct_at_fpr_1pct
17,0,2.0000018969114848,8.300667182870408
17,1,0.6362559180374229,4.681809243337352
17,2,2.0000018222424774,8.300667027919907
17,3,1.890592442534607,8.070431506902489
17,4,1.1965341933616584,6.42037439790208
17,5,2.000001402793581,8.300666157494248
17,6,0.003185919704207397,0.3312952508368029
17,7,0.25780583367541354,2.9801914711574478
17,8,1.037023876605681,5.97712275412396
17,9,2.000001101081666,8.300665531392195
17,10,0.011180384349991628,0.6206205674991022
17,11,0.06898936888512357,1.5416609903442524
17,12,0.48245502987536254,4.076863929406571
17,13,2.0000008685115698,8.300665048770801
17,14,0.5793794543559314,4.467652055066301
17,15,0.024058952760212575,0.9104081921560814
17,16,0.01931845860349102,0.8158006238727804
17,17,0.25885215141803597,2.9862329747621295
17,18,2.000001370969118,8.300666091453234
17,19,1.7033601318879843,7.660392745969592
17,20,1.1895934926733196,6.4017260769514275
17,21,2.000002153982855,8.300667716335857
17,22,2.000000594831491,8.300664480839362
17,23,1.0073297358551074,5.890926775011752
17,24,2.000001517448597,8.300666395422331
17,25,2.0000033110604236,8.300670117462028
17,26,0.9648759795802206,5.7654544416466225
17,27,0.2632839528700661,3.0116880944700775
17,28,1.2704311103955785,6.615662743160079
17,29,1.1521119478083246,6.300066555944732
29,0,2.000000805715123,8.300664918457787
29,1,0.35615434192626727,3.5028127264079942
29,2,2.0000007864955553,8.300664878574008
29,3,0.03334978424911374,1.0718754193217228
29,4,0.16357186255011344,2.3738435701897806
29,5,1.1186387634047594,6.207871655980722
29,6,1.0427434045677277,5.99358298895308
29,7,0.014312579581452278,0.7021934183713531
29,8,2.0000016909366205,8.300666755438602
29,9,0.38059605985485434,3.6210118097074764
29,10,0.05581097130926934,1.3866204078217566
29,11,2.0000017989997385,8.300666979687392
29,12,0.010776659790474166,0.609312213712943
29,13,0.2120357049936729,2.7027277240185676
29,14,0.2386281725037533,2.867204403160152
29,15,2.0000014574006144,8.300666270812858
29,16,1.0027703175220808,5.877579774338774
29,17,0.1249318558375287,2.074600092760097
29,18,2.0000019206419664,8.300667232115067
29,19,1.098814577725168,6.1526187340001846
29,20,0.08450268634955013,1.7062122472287022
29,21,0.07862014623172549,1.6457532481745811
29,22,0.36373863613166746,3.53991239481805
29,23,0.06780160965991222,1.5283323276779741
29,24,1.8621588115757,8.009513827778655
29,25,2.0000012029209087,8.300665742725448
29,26,0.11510620657424248,1.9913480268852746
29,27,2.000001763127129,8.300666905245814
29,28,0.9653679115089737,5.766923982692628
29,29,2.0000011631371044,8.300665660167482
43,0,2.000000798294078,8.300664903057893
43,1,0.018166656960876187,0.7911071415886445
43,2,2.000001884786361,8.300667157708777
43,3,0.009476544774437753,0.5713770687592525
43,4,0.08652005174669186,1.726458655638291
43,5,1.1236922608180087,6.221878015187085
43,6,0.596795476817124,4.534303216250746
43,7,0.047943508044565125,1.285176280339325
43,8,2.0000015448001376,8.300666452181293
43,9,1.0897414835807573,6.12716448361556
43,10,0.0881192258038988,1.742340909164132
43,11,2.000001086884123,8.300665501929947
43,12,0.09006416973837862,1.7614642048047746
43,13,1.011384481573247,5.902771070171904
43,14,1.1024556192371393,6.162803988882528
43,15,2.000001641182185,8.30066665218994
43,16,2.000002031466562,8.300667462094365
43,17,0.0040864542907240575,0.37520716231386636
43,18,0.22931238833743578,2.810680988471926
43,19,1.0342825782362919,5.969217478382847
43,20,2.000001321397935,8.300665988584845
43,21,1.0504008532883269,6.015549852022851
43,22,0.11177342097552981,1.9623075234772833
43,23,2.0000023904240805,8.300668206990323
43,24,0.10683901882926844,1.9185041490876602
43,25,2.000002676968364,8.300668801616848
43,26,0.7002513829528694,4.9116202912729685
43,27,1.0590947916815907,6.040393248100557
43,28,2.000001957499865,8.300667308601282
43,29,1.0089573191655454,5.895683958269309
