sigma,method,comparator,auc_difference,ci_low,ci_high,bootstrap_probability_positive,repetitions,unit
0.25,lstm,sequence_llr,-0.02907986111111105,-0.07204861111111105,0.011729600694444382,0.0765,2000,paired trajectories; stratified by membership
0.25,lstm,mixture_llr,-0.00347222222222221,-0.03472222222222221,0.026052517361111124,0.4075,2000,paired trajectories; stratified by membership
0.25,diffusion,sequence_llr,0.015190972222222321,-0.0030490451388889696,0.03559027777777779,0.95,2000,paired trajectories; stratified by membership
0.25,diffusion,mixture_llr,0.04079861111111116,0.01041666666666674,0.07509765625000007,0.9965,2000,paired trajectories; stratified by membership
1.0,lstm,sequence_llr,-0.01996527777777768,-0.05079210069444444,0.006510416666666632,0.0665,2000,paired trajectories; stratified by membership
1.0,lstm,mixture_llr,0.00694444444444442,-0.028656684027777816,0.04383680555555547,0.6275,2000,paired trajectories; stratified by membership
1.0,diffusion,sequence_llr,-0.03168402777777768,-0.08552517361111131,0.014756944444444314,0.0895,2000,paired trajectories; stratified by membership
1.0,diffusion,mixture_llr,-0.00477430555555558,-0.05902777777777779,0.047319878472222174,0.426,2000,paired trajectories; stratified by membership
4.0,lstm,sequence_llr,0.0017361111111111605,-0.03428819444444442,0.03906249999999989,0.532,2000,paired trajectories; stratified by membership
4.0,lstm,mixture_llr,1.1102230246251565e-16,-0.03168402777777779,0.03255208333333326,0.504,2000,paired trajectories; stratified by membership
4.0,diffusion,sequence_llr,-0.04296875,-0.11328125,0.026486545138888803,0.108,2000,paired trajectories; stratified by membership
4.0,diffusion,mixture_llr,-0.04470486111111105,-0.11154513888888884,0.01997612847222228,0.081,2000,paired trajectories; stratified by membership
