fold,validation_canary,model,step,training_loss,validation_loss,validation_auc,validation_schedule_mse,validation_membership_auc
0,19252,bilstm,200,0.3938805162906647,0.5292168259620667,0.835648148148148,,
0,19252,bilstm,400,0.17330092191696167,0.8476183414459229,0.7824074074074074,,
0,19252,bilstm,600,0.02596951276063919,1.4046225547790527,0.7631172839506173,,
0,19252,bilstm,800,0.013076077215373516,1.9363778829574585,0.7704475308641976,,
0,19252,bilstm,1000,0.0008796578040346503,2.117658853530884,0.7654320987654322,,
0,19252,diffusion,200,0.6700035333633423,,,0.9753767848014832,0.6967592592592593
0,19252,diffusion,400,0.625816822052002,,,1.0331400632858276,0.658179012345679
0,19252,diffusion,600,0.6679843068122864,,,0.8987540006637573,0.6805555555555556
0,19252,diffusion,800,0.40887853503227234,,,1.068142056465149,0.6442901234567902
0,19252,diffusion,1000,0.4305131137371063,,,1.0003173351287842,0.6458333333333334
0,19252,diffusion,1200,0.3470580577850342,,,1.0021227598190308,0.6381172839506173
0,19252,diffusion,1400,0.347531795501709,,,0.9901341199874878,0.6643518518518519
0,19252,diffusion,1600,0.4513309895992279,,,1.02125084400177,0.662037037037037
1,28483,bilstm,200,0.38307592272758484,1.6752872467041016,0.7291666666666666,,
1,28483,bilstm,400,0.2749412953853607,2.892073631286621,0.6774691358024691,,
1,28483,bilstm,600,0.056420911103487015,6.371949195861816,0.6770833333333334,,
1,28483,bilstm,800,0.0072868154384195805,7.904413223266602,0.691358024691358,,
1,28483,bilstm,1000,0.011017785407602787,9.214274406433105,0.6990740740740741,,
1,28483,diffusion,200,0.7073500156402588,,,1.013439655303955,0.716820987654321
1,28483,diffusion,400,0.6893386840820312,,,1.1259139776229858,0.7199074074074074
1,28483,diffusion,600,0.49520570039749146,,,1.0240740776062012,0.7237654320987654
1,28483,diffusion,800,0.37079766392707825,,,1.0596747398376465,0.7384259259259258
1,28483,diffusion,1000,0.41128477454185486,,,1.0996848344802856,0.742283950617284
1,28483,diffusion,1200,0.49363356828689575,,,1.167649507522583,0.7716049382716048
1,28483,diffusion,1400,0.3552360534667969,,,1.2497210502624512,0.7600308641975309
1,28483,diffusion,1600,0.4037523865699768,,,1.1090049743652344,0.7638888888888888
2,39321,bilstm,200,0.3284938931465149,0.656087338924408,0.8287037037037037,,
2,39321,bilstm,400,0.13503915071487427,1.682420253753662,0.7584876543209876,,
2,39321,bilstm,600,0.017490658909082413,2.923640012741089,0.7673611111111112,,
2,39321,bilstm,800,0.03602470085024834,3.2528581619262695,0.7681327160493827,,
2,39321,bilstm,1000,0.00212779245339334,3.8083136081695557,0.7642746913580247,,
2,39321,diffusion,200,0.673805832862854,,,0.8999601006507874,0.7523148148148149
2,39321,diffusion,400,0.4874666929244995,,,0.9205507636070251,0.7785493827160493
2,39321,diffusion,600,0.49991101026535034,,,0.950372040271759,0.7507716049382716
2,39321,diffusion,800,0.44150811433792114,,,0.8894562125205994,0.7808641975308641
2,39321,diffusion,1000,0.5269325375556946,,,0.8989936113357544,0.787037037037037
2,39321,diffusion,1200,0.4107356667518616,,,0.8633787631988525,0.8001543209876543
2,39321,diffusion,1400,0.5420846343040466,,,0.8722469806671143,0.8063271604938271
2,39321,diffusion,1600,0.3500128388404846,,,0.8646721839904785,0.7878086419753086
3,57871,bilstm,200,0.45307761430740356,0.819310188293457,0.7453703703703705,,
3,57871,bilstm,400,0.21664077043533325,1.339920163154602,0.783179012345679,,
3,57871,bilstm,600,0.13504987955093384,2.956859827041626,0.8009259259259258,,
3,57871,bilstm,800,0.004272786900401115,3.8621089458465576,0.8140432098765431,,
3,57871,bilstm,1000,0.002480153925716877,4.50056791305542,0.8186728395061729,,
3,57871,diffusion,200,0.7030263543128967,,,0.939728856086731,0.5941358024691359
3,57871,diffusion,400,0.522114634513855,,,0.9478737711906433,0.5871913580246914
3,57871,diffusion,600,0.47651407122612,,,0.986272394657135,0.6033950617283951
3,57871,diffusion,800,0.4917030930519104,,,0.90196293592453,0.6188271604938271
3,57871,diffusion,1000,0.3370247185230255,,,0.9531338810920715,0.6242283950617284
3,57871,diffusion,1200,0.5163449645042419,,,0.926767885684967,0.6396604938271604
3,57871,diffusion,1400,0.39431440830230713,,,0.9397807717323303,0.6280864197530864
3,57871,diffusion,1600,0.36825788021087646,,,0.9048857092857361,0.6334876543209877
